kanji,top_reading,top_count,alt_readings_json
語,ご,938,"{""かた"": 132}"
由来,ゆらい,913,{}
彼,かれ,727,{}
私,わたし,573,{}
続,つづ,501,{}
見,み,501,"{""けん"": 9}"
新,あたら,405,"{""しん"": 26, ""あら"": 25}"
形式的,けいしきてき,393,{}
退屈,たいくつ,382,{}
時間,じかん,378,{}
人,にん,367,"{""ひと"": 215}"
家族,かぞく,359,{}
大,おお,318,"{""だい"": 25, ""たい"": 1}"
静,しず,313,{}
対,つい,308,"{""たい"": 40}"
英語,えいご,300,{}
彼女,かのじょ,299,{}
前,まえ,294,"{""ぜん"": 17}"
中,なか,280,{}
丁寧,ていねい,271,{}
取,と,259,"{""しゅ"": 1}"
意味,いみ,256,{}
使,つか,252,{}
古,こ,250,"{""ふる"": 200}"
広,ひろ,248,{}
小,ちい,247,"{""しょう"": 13, ""こ"": 2}"
始,はじ,243,{}
手,て,239,{}
朝,あさ,231,{}
長,なが,225,"{""ちょう"": 18}"
立,た,222,{}
声,こえ,220,{}
出,だ,219,"{""で"": 199, ""しゅつ"": 2, ""い"": 1}"
合,あ,210,{}
入,い,210,"{""はい"": 131}"
年,ねん,207,{}
形,かたち,202,{}
家,いえ,200,{}
上,あ,199,"{""うえ"": 115, ""のぼ"": 8}"
子,こ,199,{}
同,おな,198,"{""どう"": 1}"
聞,き,198,{}
深,ふか,198,{}
破棄,はき,198,{}
進,すす,197,"{""すすむ"": 1}"
日,にち,194,"{""ひ"": 120}"
持,も,190,{}
分,ふん,189,"{""わ"": 134}"
向,む,187,"{""こう"": 1}"
気,き,187,{}
高,たか,185,{}
夜,よる,182,{}
地域,ちいき,181,{}
並,なら,178,"{""なみ"": 3, ""な"": 2}"
観客,かんきゃく,177,{}
心,こころ,175,{}
学校,がっこう,173,{}
母,はは,170,"{""かあ"": 8}"
切,き,170,"{""せつ"": 1}"
祖父,そふ,170,{}
本,ほん,169,{}
目,め,169,{}
集,あつ,166,"{""つど"": 5, ""しゅう"": 3}"
書,か,162,"{""かき"": 3}"
自分,じぶん,161,{}
通,とお,161,"{""かよ"": 36, ""つう"": 28}"
多,おお,158,"{""た"": 1}"
整,ととの,158,{}
行,い,157,"{""おこな"": 68, ""ぎょう"": 9, ""おこ"": 3}"
思,おも,157,{}
変,か,157,{}
開,ひら,156,"{""かい"": 1}"
最後,さいご,155,{}
走,はし,154,"{""そう"": 12}"
強,つよ,154,"{""きょう"": 1}"
楽,たの,153,"{""らく"": 15}"
音,おと,153,{}
言葉,ことば,148,{}
込,こ,148,{}
作,つく,147,"{""さく"": 4}"
空,そら,146,"{""あ"": 16, ""す"": 10}"
残,のこ,146,{}
伝,つた,146,"{""でん"": 1}"
重,おも,142,"{""かさ"": 121}"
若,わか,142,"{""じゃく"": 2}"
動,うご,142,"{""どう"": 1}"
名詞,めいし,141,{}
流,なが,141,{}
決,き,139,"{""けっ"": 41}"
祖母,そぼ,138,{}
月,がつ,137,"{""かげつ"": 50, ""なんかげつ"": 2}"
先生,せんせい,136,{}
毎日,まいにち,136,{}
歩,ある,135,"{""あゆ"": 19, ""ほ"": 5}"
止,と,134,"{""や"": 4, ""ど"": 4}"
支,ささ,133,{}
少,すこ,131,"{""すく"": 21, ""ずく"": 1}"
授業,じゅぎょう,131,{}
戻,もど,130,{}
言,い,128,"{""げん"": 7}"
発音,はつおん,125,{}
今,いま,125,{}
呼,よ,124,{}
生徒,せいと,123,{}
大切,たいせつ,122,{}
受,う,121,{}
読,よ,121,{}
練習,れんしゅう,120,{}
忘,わす,120,{}
笑,わら,118,{}
知,し,118,"{""ち"": 2}"
瞬間,しゅんかん,117,{}
選手,せんしゅ,116,{}
写真,しゃしん,116,{}
色,いろ,114,"{""しょく"": 1}"
穏,おだ,114,{}
選,えら,113,{}
確認,かくにん,113,{}
番目,ばんめ,111,{}
増,ふ,111,"{""ま"": 13}"
場,ば,109,{}
現場,げんば,109,{}
水,みず,108,{}
結果,けっか,107,{}
話,はな,107,"{""はなし"": 81}"
父,ちち,107,"{""とう"": 4}"
場所,ばしょ,107,{}
一気,いっき,106,{}
守,まも,106,"{""しゅ"": 5}"
必要,ひつよう,106,{}
直,なお,106,"{""ただ"": 1}"
夏,なつ,105,{}
計画,けいかく,105,{}
食,た,104,"{""しょく"": 6, ""く"": 4, ""は"": 3}"
違,ちが,104,{}
引,ひ,103,{}
終,お,103,{}
雨,あめ,102,{}
習慣,しゅうかん,101,{}
怒,いか,101,{}
学,まな,101,"{""がく"": 6}"
驚,おどろ,100,{}
自然,しぜん,100,{}
無関心,むかんしん,98,{}
回,かい,97,"{""まわ"": 74}"
届,とど,97,"{""とどけ"": 1}"
感,かん,96,{}
地元,じもと,96,{}
見直,みなお,96,{}
近,ちか,95,"{""きん"": 1}"
予定,よてい,95,{}
口,くち,94,{}
短,みじか,94,"{""たん"": 1}"
国,くに,94,{}
教室,きょうしつ,93,{}
拒否,きょひ,93,{}
議論,ぎろん,93,{}
置,お,92,{}
観光客,かんこうきゃく,92,{}
姿,すがた,91,{}
綴,つづ,89,"{""と"": 4}"
暮,く,89,{}
眠,ねむ,88,{}
焼,や,88,"{""やき"": 1}"
温,あたた,88,"{""ぬる"": 18, ""ぬく"": 4}"
歴史,れきし,88,{}
説明,せつめい,88,{}
道,みち,86,{}
細,こま,86,"{""ささ"": 9, ""ほそ"": 5}"
隠,かく,86,{}
全員,ぜんいん,86,{}
頭,あたま,85,{}
落,お,85,{}
時,じ,84,"{""とき"": 50}"
世界,せかい,84,{}
包,つつ,84,{}
姿勢,しせい,84,{}
信頼,しんらい,84,{}
白,しろ,83,{}
町,まち,83,{}
名前,なまえ,83,{}
住民,じゅうみん,82,{}
急,いそ,81,"{""きゅう"": 42, ""せ"": 2}"
風,かぜ,81,{}
過,す,81,"{""か"": 1}"
押,お,81,{}
力,ちから,81,"{""りき"": 5}"
無視,むし,80,{}
伸,の,80,{}
欠,か,80,{}
確,たし,80,{}
買,か,79,{}
足,あし,78,"{""た"": 9}"
日本,にっぽん,78,{}
図書館,としょかん,78,{}
生,う,78,"{""い"": 28, ""なま"": 11, ""しょう"": 3, ""お"": 1}"
超,こ,78,"{""ちょう"": 4}"
省略,しょうりゃく,78,{}
赤,あか,77,{}
意見,いけん,77,{}
初,はじ,75,"{""はつ"": 3}"
動詞,どうし,75,{}
複数形,ふくすうけい,75,{}
今日,きょう,75,{}
公園,こうえん,75,{}
起,お,75,{}
息,いき,75,{}
店,みせ,75,{}
週末,しゅうまつ,75,{}
早,はや,75,"{""そう"": 1}"
慎重,しんちょう,75,{}
部屋,へや,74,{}
海,うみ,74,{}
誰,だれ,73,{}
音楽,おんがく,73,{}
会議,かいぎ,73,{}
最初,さいしょ,73,{}
香,かお,73,"{""こう"": 2, ""かおり"": 1}"
間,かん,72,"{""ま"": 45}"
方,ほう,72,"{""かた"": 31}"
訪,おとず,72,"{""たず"": 2}"
後,あと,71,"{""のち"": 52, ""うし"": 37, ""ご"": 1}"
兄,あに,71,"{""にい"": 4}"
全体,ぜんたい,71,{}
感謝,かんしゃ,71,{}
気持,きも,71,{}
毎朝,まいあさ,71,{}
自転車,じてんしゃ,71,{}
考,かんが,71,{}
得,え,71,"{""とく"": 3}"
答,こた,70,{}
何度,なんど,70,{}
車,くるま,70,{}
映画,えいが,70,{}
語源,ごげん,69,{}
山,やま,69,{}
作業,さぎょう,69,{}
長年,ながねん,69,{}
駅,えき,68,{}
略,りゃく,68,{}
窓,まど,68,{}
抜,ぬ,68,{}
教科書,きょうかしょ,68,{}
手紙,てがみ,68,{}
時代,じだい,68,{}
工場,こうじょう,68,{}
安心,あんしん,68,{}
形式,けいしき,68,{}
形容詞,けいようし,67,{}
乗,の,67,"{""じょう"": 1}"
描,えが,67,{}
安全,あんぜん,67,{}
顔,かお,66,{}
予算,よさん,66,{}
否定,ひてい,66,{}
机,つくえ,65,{}
一緒,いっしょ,65,{}
身,み,65,{}
料理,りょうり,65,{}
世代,せだい,65,{}
表情,ひょうじょう,65,{}
宿題,しゅくだい,64,{}
拍手,はくしゅ,64,{}
光,ひかり,64,"{""ひか"": 19}"
体,からだ,64,{}
寄,よ,64,{}
響,ひび,64,{}
会場,かいじょう,64,{}
緊張,きんちょう,64,{}
判断,はんだん,64,{}
耳,みみ,63,{}
運,はこ,63,"{""うん"": 6}"
対応,たいおう,63,{}
準備,じゅんび,63,{}
近所,きんじょ,63,{}
求,もと,63,{}
命令,めいれい,63,{}
停滞,ていたい,63,{}
若手,わかて,63,{}
点,てん,62,"{""つ"": 2}"
電車,でんしゃ,62,{}
犬,いぬ,62,{}
冬,ふゆ,62,{}
値段,ねだん,62,{}
味,あじ,62,{}
積,つ,62,{}
保,たも,62,{}
与,あた,62,{}
疲,つか,61,{}
席,せき,61,{}
散歩,さんぽ,61,{}
解,と,61,{}
中止,ちゅうし,61,{}
影響,えいきょう,61,{}
怠惰,たいだ,61,{}
相手,あいて,60,{}
覚,おぼ,60,"{""さ"": 19}"
替,か,60,{}
仕事,しごと,60,{}
紙,かみ,60,{}
活動,かつどう,60,{}
一度,いちど,60,{}
整理,せいり,60,{}
駅前,えきまえ,59,{}
庭,にわ,59,{}
売,う,59,{}
弟,おとうと,59,{}
笑顔,えがお,59,{}
一,ひと,59,"{""いち"": 12}"
毎年,まいとし,59,{}
次,つぎ,59,"{""つ"": 2}"
者,もの,59,{}
的,てき,59,"{""まと"": 1}"
撤回,てっかい,59,{}
歳,さい,58,"{""とし"": 13}"
歌,うた,58,{}
監督,かんとく,58,{}
送,おく,58,{}
軽,かる,58,"{""かろ"": 3, ""けい"": 2}"
午後,ごご,58,{}
育,そだ,58,"{""はぐく"": 3, ""いく"": 2}"
空気,くうき,58,{}
中世,ちゅうせい,58,{}
必,かなら,57,{}
頃,ころ,57,"{""ごろ"": 9}"
越,こ,57,{}
質問,しつもん,56,{}
下,さ,56,"{""した"": 53, ""くだ"": 24, ""お"": 16}"
状態,じょうたい,56,{}
突然,とつぜん,56,{}
技術,ぎじゅつ,56,{}
帰,かえ,56,{}
花,はな,56,{}
発表,はっぴょう,56,{}
海外,かいがい,56,{}
研究者,けんきゅうしゃ,56,{}
孫,まご,56,{}
新人,しんじん,56,{}
飛,と,55,{}
打,う,55,{}
夕方,ゆうがた,55,{}
鳴,な,55,{}
会社,かいしゃ,55,{}
敵,てき,55,{}
棚,たな,55,{}
円,えん,55,"{""まる"": 1}"
誕生日,たんじょうび,55,{}
医師,いし,55,{}
先,さき,55,{}
感想,かんそう,55,{}
称賛,しょうさん,55,{}
撤退,てったい,55,{}
肩,かた,54,{}
遊,あそ,54,{}
明,あか,54,"{""あき"": 27, ""あ"": 16, ""めい"": 1}"
着,つ,54,"{""き"": 31, ""ちゃく"": 14}"
遠,とお,54,"{""えん"": 1}"
絵,え,54,{}
減,へ,54,{}
観察,かんさつ,54,{}
文化,ぶんか,54,{}
予想,よそう,54,{}
源,げん,54,{}
示,しめ,54,{}
離,はな,53,"{""り"": 6}"
厳,きび,53,"{""おごそ"": 5}"
同語,どうご,53,{}
友人,ゆうじん,53,{}
問題,もんだい,52,{}
玄関,げんかん,52,{}
明日,あした,52,{}
良,よ,52,{}
仲間,なかま,52,{}
難,むずか,52,"{""むつか"": 3, ""がた"": 1}"
記録,きろく,52,{}
集中,しゅうちゅう,52,{}
揺,ゆ,52,{}
街,まち,52,{}
添,そ,52,{}
保護,ほご,52,{}
客,きゃく,52,{}
研究,けんきゅう,52,{}
破壊,はかい,52,{}
待,ま,51,{}
物,もの,51,{}
速,はや,51,"{""すみ"": 8}"
枚,まい,51,{}
正確,せいかく,51,{}
季節,きせつ,50,{}
全部,ぜんぶ,50,{}
雪,ゆき,50,{}
病院,びょういん,50,{}
食卓,しょくたく,50,{}
電話,でんわ,50,{}
物語,ものがたり,50,"{""ものがた"": 10}"
古代,こだい,50,{}
深夜,しんや,50,{}
大学,だいがく,50,{}
教育,きょういく,50,{}
友達,ともだち,49,{}
川,かわ,49,{}
覆,おお,48,"{""くつがえ"": 3}"
試合,しあい,48,{}
寒,さむ,48,{}
注意,ちゅうい,48,{}
建物,たてもの,48,{}
半年,はんとし,48,{}
差,さ,48,{}
返,かえ,48,{}
済,す,48,{}
経験,けいけん,48,{}
代,か,48,"{""だい"": 22}"
結,むす,48,{}
冷静,れいせい,48,{}
危険,きけん,48,{}
好,す,47,"{""この"": 23, ""こう"": 1}"
消,き,47,"{""け"": 36}"
意識,いしき,47,{}
夕食,ゆうしょく,47,{}
喜,よろこ,47,{}
計算,けいさん,47,{}
迎,むか,47,{}
偶然,ぐうぜん,47,{}
企業,きぎょう,47,{}
迷,まよ,46,{}
投,な,46,"{""とう"": 4}"
外,そと,46,"{""はず"": 21}"
個,こ,46,{}
働,はたら,46,{}
度,ど,46,{}
動物,どうぶつ,46,{}
夏休,なつやす,46,{}
来,き,46,"{""く"": 11, ""こ"": 1}"
場面,ばめん,46,{}
上司,じょうし,46,{}
改,あらた,46,"{""かい"": 3}"
評価,ひょうか,46,{}
教,おし,45,"{""おそ"": 13, ""きょう"": 5}"
隣,となり,45,{}
木,き,45,{}
寝,ね,45,{}
振,ふ,45,{}
胸,むね,45,{}
文化祭,ぶんかさい,45,{}
英国,えいこく,45,{}
人々,ひとびと,45,{}
当時,とうじ,45,{}
資料,しりょう,45,{}
共有,きょうゆう,45,{}
壊,こわ,44,{}
捨,す,44,{}
新聞,しんぶん,44,{}
勉強,べんきょう,44,{}
美,うつく,44,"{""び"": 3}"
以上,いじょう,44,{}
薬,くすり,44,{}
表現,ひょうげん,44,{}
互,たが,44,{}
経済,けいざい,44,{}
店員,てんいん,44,{}
禁止,きんし,44,{}
踏,ふ,44,{}
成功,せいこう,44,{}
教師,きょうし,44,{}
患者,かんじゃ,44,{}
会話,かいわ,44,{}
支援,しえん,44,{}
形式化,けいしきか,44,{}
探,さが,43,"{""さぐ"": 6}"
食事,しょくじ,43,{}
遅,おく,43,"{""おそ"": 20}"
朝食,ちょうしょく,43,{}
地図,ちず,43,{}
登山,とざん,43,{}
見守,みまも,43,{}
祝,いわ,43,{}
浮,う,43,{}
予約,よやく,43,{}
倉庫,そうこ,43,{}
環境,かんきょう,43,{}
歓迎,かんげい,43,{}
黙,だま,43,{}
工夫,くふう,43,{}
両方,りょうほう,42,{}
変化,へんか,42,{}
青,あお,42,{}
当,あ,42,{}
妹,いもうと,42,{}
渡,わた,42,"{""わたり"": 1}"
屋根,やね,42,{}
箱,はこ,42,{}
貼,は,42,{}
保護者,ほごしゃ,42,{}
失敗,しっぱい,42,{}
完全,かんぜん,42,{}
存在,そんざい,42,{}
孤立,こりつ,42,{}
参加者,さんかしゃ,42,{}
拒絶,きょぜつ,42,{}
座,すわ,41,"{""ざ"": 5}"
文字,もじ,41,{}
数,かず,41,"{""かぞ"": 32}"
休,やす,41,{}
床,ゆか,41,{}
全,まった,41,"{""ぜん"": 2, ""すべ"": 1}"
旅,たび,41,{}
気候,きこう,41,{}
騒,さわ,41,{}
年間,ねんかん,41,{}
失,うしな,41,"{""う"": 2, ""な"": 1, ""しつ"": 1}"
結論,けつろん,41,{}
自治体,じちたい,41,{}
悲,かな,40,{}
痛,いた,40,{}
甘,あま,40,"{""かん"": 2}"
内容,ないよう,40,{}
加,くわ,40,"{""か"": 1}"
途中,とちゅう,40,{}
確実,かくじつ,40,{}
改善,かいぜん,40,{}
曖昧,あいまい,40,{}
保留,ほりゅう,40,{}
風邪,かぜ,39,{}
飲,の,39,{}
陸,りく,39,{}
趣味,しゅみ,39,{}
壁,かべ,39,{}
辞書,じしょ,39,{}
船,ふね,39,{}
湖,みずうみ,39,{}
毎週,まいしゅう,39,{}
祭,まつ,39,{}
一瞬,いっしゅん,39,{}
現代,げんだい,39,{}
理解,りかい,39,{}
抑,おさ,39,{}
聴衆,ちょうしゅう,39,{}
書類,しょるい,39,{}
対立,たいりつ,39,{}
強引,ごういん,39,{}
週,しゅう,38,{}
何,なに,38,"{""なん"": 9}"
氷,こおり,38,{}
野菜,やさい,38,{}
備,そな,38,{}
扱,あつか,38,{}
追,お,38,{}
駆,か,38,{}
景色,けしき,38,{}
世界中,せかいじゅう,38,{}
宇宙,うちゅう,38,{}
歓声,かんせい,38,{}
提案,ていあん,38,{}
職人,しょくにん,38,{}
一人,ひとり,38,{}
社員,しゃいん,38,{}
対話,たいわ,38,{}
鳥,とり,37,{}
輪,わ,37,{}
区別,くべつ,37,{}
時計,とけい,37,{}
奥,おく,37,{}
森,もり,37,{}
女性,じょせい,37,{}
囲,かこ,37,{}
桜,さくら,37,{}
洗,あら,37,{}
参加,さんか,37,{}
詰,つ,37,{}
袋,ふくろ,37,{}
挑戦,ちょうせん,37,{}
一段,いちだん,37,{}
魚,さかな,37,{}
撮,と,37,{}
専門家,せんもんか,37,{}
飾,かざ,37,{}
約束,やくそく,37,{}
眺,なが,37,{}
再,ふたた,37,"{""さい"": 10}"
作品,さくひん,37,{}
舞台,ぶたい,37,{}
未来,みらい,37,{}
地道,じみち,37,"{""ぢみち"": 2}"
話題,わだい,37,{}
防,ふせ,37,{}
予測,よそく,37,{}
怖,こわ,36,{}
間違,まちが,36,{}
努力,どりょく,36,{}
輝,かがや,36,{}
服,ふく,36,{}
病気,びょうき,36,{}
台所,だいどころ,36,{}
誇,ほこ,36,{}
仕組,しく,36,{}
展示,てんじ,36,{}
報告,ほうこく,36,{}
連絡,れんらく,36,{}
完成,かんせい,36,{}
保存,ほぞん,36,{}
傾,かたむ,36,{}
方針,ほうしん,36,{}
視点,してん,36,{}
目標,もくひょう,35,{}
腕,うで,35,{}
住,す,35,{}
元気,げんき,35,{}
鏡,かがみ,35,{}
傘,かさ,35,{}
数学,すうがく,35,{}
葉,は,35,{}
観光,かんこう,35,{}
本番,ほんばん,35,{}
用意,ようい,35,{}
中心,ちゅうしん,35,{}
休日,きゅうじつ,35,{}
半分,はんぶん,35,{}
先輩,せんぱい,35,{}
交,か,35,"{""まじ"": 20, ""ま"": 1, ""こう"": 1}"
健康,けんこう,35,{}
課題,かだい,35,{}
情報,じょうほう,35,{}
仕上,しあ,35,{}
制度,せいど,35,{}
表,あらわ,34,"{""おもて"": 8, ""あら"": 3}"
丸,まる,34,{}
靴,くつ,34,{}
島,しま,34,{}
優,やさ,34,"{""まさ"": 4}"
冷,つめ,34,"{""ひ"": 31, ""さ"": 4}"
中央,ちゅうおう,34,{}
天気,てんき,34,{}
週間,しゅうかん,34,{}
控,ひか,34,{}
幼,おさな,34,"{""よう"": 8, ""いとけな"": 1}"
塗,ぬ,34,"{""ぬり"": 1}"
首都,しゅと,34,{}
周囲,しゅうい,34,{}
市場,しじょう,34,{}
生活,せいかつ,34,{}
職場,しょくば,34,{}
翻訳,ほんやく,34,{}
発見,はっけん,34,{}
風景,ふうけい,34,{}
着実,ちゃくじつ,34,{}
中英,ちゅうえい,34,{}
畑,はたけ,33,{}
借,か,33,{}
暗,くら,33,"{""あん"": 2}"
画面,がめん,33,{}
階,かい,33,{}
道具,どうぐ,33,{}
動詞形,どうしけい,33,{}
読者,どくしゃ,33,{}
案内,あんない,33,{}
都市,とし,33,{}
市民,しみん,33,{}
末,まつ,33,{}
行事,ぎょうじ,33,{}
学生,がくせい,33,{}
心地,ここち,33,{}
様子,ようす,33,{}
相談,そうだん,33,{}
柔,やわ,33,{}
和,やわ,33,"{""なご"": 17, ""わ"": 2}"
司会者,しかいしゃ,33,{}
不安,ふあん,33,{}
豊,ゆた,33,{}
停止,ていし,33,{}
顧客,こきゃく,33,{}
感情的,かんじょうてき,33,{}
応援,おうえん,32,{}
吹,ふ,32,{}
拾,ひろ,32,{}
雲,くも,32,{}
放課後,ほうかご,32,{}
戦争,せんそう,32,{}
素早,すばや,32,{}
用,よう,32,"{""もち"": 9}"
組,く,32,"{""くみ"": 7}"
海岸,かいがん,32,{}
出会,であ,32,{}
提出,ていしゅつ,32,{}
港,みなと,32,{}
撮影,さつえい,32,{}
波,なみ,32,{}
事実,じじつ,32,{}
明確,めいかく,32,{}
霧,きり,32,{}
事故,じこ,32,{}
面接,めんせつ,32,{}
原義,げんぎ,32,{}
事業,じぎょう,32,{}
米国,べいこく,32,{}
今年,ことし,31,{}
校庭,こうてい,31,{}
髪,かみ,31,{}
首,くび,31,{}
有名,ゆうめい,31,{}
低,ひく,31,"{""てい"": 2}"
満,み,31,"{""まん"": 2}"
状況,じょうきょう,31,{}
同時,どうじ,31,{}
化,か,31,"{""ば"": 12}"
山頂,さんちょう,31,{}
破,やぶ,31,{}
移動,いどう,31,{}
染,そ,31,{}
罰,ばつ,31,{}
側,がわ,31,{}
頼,たよ,31,"{""たの"": 22}"
協力,きょうりょく,31,{}
嵐,あらし,31,{}
次々,つぎつぎ,31,{}
手順,てじゅん,31,{}
回復,かいふく,31,{}
祝福,しゅくふく,31,{}
余裕,よゆう,31,{}
体制,たいせい,31,{}
猫,ねこ,30,{}
帽子,ぼうし,30,{}
秋,あき,30,{}
原因,げんいん,30,{}
荷物,にもつ,30,{}
男性,だんせい,30,{}
階段,かいだん,30,{}
過去分詞,かこぶんし,30,{}
普通,ふつう,30,{}
罰金,ばっきん,30,{}
沈,しず,30,{}
一日,いちにち,30,"{""ついたち"": 3}"
学習,がくしゅう,30,{}
特別,とくべつ,30,{}
宣伝,せんでん,30,{}
広告,こうこく,30,{}
複数,ふくすう,30,{}
成長,せいちょう,30,{}
倍,ばい,30,{}
平和,へいわ,30,{}
重要,じゅうよう,30,{}
博物館,はくぶつかん,30,{}
翌朝,よくあさ,30,{}
新品,しんぴん,30,{}
電気,でんき,30,{}
見送,みおく,30,{}
美術館,びじゅつかん,30,{}
名,めい,30,{}
記者,きしゃ,30,{}
巨大,きょだい,30,{}
義務,ぎむ,30,{}
集中力,しゅうちゅうりょく,30,{}
体育館,たいいくかん,29,{}
指,さ,29,"{""ゆび"": 26}"
転,ころ,29,"{""てん"": 5, ""こか"": 1}"
規則,きそく,29,{}
個人,こじん,29,{}
姉,あね,29,"{""ねえ"": 4}"
緑,みどり,29,{}
問,と,29,"{""もん"": 11, ""とん"": 1}"
閉,と,29,"{""し"": 16, ""へい"": 1}"
太陽,たいよう,29,{}
湯,ゆ,29,{}
見上,みあ,29,{}
建,た,29,{}
指示,しじ,29,{}
演奏,えんそう,29,{}
現,あらわ,29,{}
冷蔵庫,れいぞうこ,29,{}
凍,こお,29,"{""こご"": 3}"
動画,どうが,29,{}
読書,どくしょ,29,{}
看板,かんばん,29,{}
比,くら,29,{}
感情,かんじょう,29,{}
悩,なや,29,{}
見学,けんがく,29,{}
台風,たいふう,29,{}
夢,ゆめ,29,{}
含,ふく,29,{}
機会,きかい,29,{}
全国,ぜんこく,29,{}
高価,こうか,29,"{""たか"": 1}"
毎月,まいつき,29,{}
調整,ちょうせい,29,{}
映像,えいぞう,29,{}
関係,かんけい,29,{}
質,しつ,29,{}
進路,しんろ,29,{}
快適,かいてき,29,{}
管理,かんり,29,{}
閉鎖,へいさ,29,{}
年生,ねんせい,28,{}
刻,きざ,28,"{""こく"": 2}"
一番,いちばん,28,{}
約,やく,28,{}
涙,なみだ,28,{}
幸運,こううん,28,{}
運動,うんどう,28,{}
天井,てんじょう,28,{}
乾,かわ,28,{}
年齢,ねんれい,28,{}
休憩,きゅうけい,28,{}
経,へ,28,"{""た"": 9, ""けい"": 1}"
卵,たまご,28,{}
磨,みが,28,{}
入口,いりぐち,28,{}
簡単,かんたん,28,{}
注文,ちゅうもん,28,{}
単語,たんご,28,{}
理科,りか,28,{}
単位,たんい,28,{}
目覚,めざ,28,{}
実験,じっけん,28,{}
後輩,こうはい,28,{}
受付,うけつけ,28,{}
埋,う,28,{}
費用,ひよう,28,{}
優勝,ゆうしょう,28,{}
反対,はんたい,28,{}
見事,みごと,28,{}
避,さ,28,{}
到着,とうちゃく,28,{}
最新,さいしん,28,{}
励,はげ,28,{}
目次,もくじ,28,{}
対策,たいさく,28,{}
独特,どくとく,28,{}
日々,ひび,28,{}
活気,かっき,28,{}
発言,はつげん,28,{}
椅子,いす,27,{}
野球,やきゅう,27,{}
番組,ばんぐみ,27,{}
曲,ま,27,"{""きょく"": 25}"
歯,は,27,{}
登,のぼ,27,{}
晴,は,27,{}
枝,えだ,27,{}
肉,にく,27,{}
希望,きぼう,27,{}
暑,あつ,27,"{""しょ"": 2}"
片付,かたづ,27,{}
機械,きかい,27,{}
一斉,いっせい,27,{}
本人,ほんにん,27,{}
映,うつ,27,"{""は"": 2}"
家具,かぐ,27,{}
試験,しけん,27,{}
社会,しゃかい,27,{}
廊下,ろうか,27,{}
限,かぎ,27,{}
結婚式,けっこんしき,27,{}
握,にぎ,27,{}
役割,やくわり,27,{}
中断,ちゅうだん,27,{}
素材,そざい,27,{}
長期的,ちょうきてき,27,{}
納得,なっとく,27,{}
合意,ごうい,27,{}
設,もう,27,{}
触,ふ,26,{}
黒,くろ,26,{}
似,に,26,{}
菓子,かし,26,{}
熱,ねつ,26,"{""あつ"": 14}"
別,べつ,26,"{""わか"": 13}"
金,かね,26,"{""きん"": 26}"
降,ふ,26,"{""お"": 24}"
出来事,できごと,26,{}
通勤,つうきん,26,{}
複雑,ふくざつ,26,{}
石,いし,26,{}
計画的,けいかくてき,26,{}
測,はか,26,{}
独自,どくじ,26,{}
商店街,しょうてんがい,26,{}
外国,がいこく,26,{}
伝統,でんとう,26,{}
巻,ま,26,"{""かん"": 3}"
傷,きず,26,"{""いた"": 2}"
影,かげ,26,{}
十分,じゅうぶん,26,{}
恐,おそ,26,{}
若者,わかもの,26,{}
祈,いの,26,{}
体験,たいけん,26,{}
市,し,26,{}
一時的,いちじてき,26,{}
係,かかり,26,{}
性格,せいかく,26,{}
商品,しょうひん,26,{}
認,みと,26,{}
結局,けっきょく,26,{}
辞退,じたい,26,{}
交流,こうりゅう,26,{}
起源,きげん,26,{}
地方,ちほう,26,{}
誤,あやま,26,"{""ご"": 3}"
保管,ほかん,26,{}
投資,とうし,26,{}
性,せい,26,{}
連携,れんけい,26,{}
部分,ぶぶん,25,{}
腰,こし,25,{}
泳,およ,25,{}
張,は,25,{}
数字,すうじ,25,{}
背,せ,25,{}
星,ほし,25,{}
助,たす,25,{}
黒板,こくばん,25,{}
汗,あせ,25,{}
板,いた,25,{}
春,はる,25,{}
自信,じしん,25,{}
行動,こうどう,25,{}
制服,せいふく,25,{}
目的,もくてき,25,{}
大人,おとな,25,{}
人生,じんせい,25,{}
報酬,ほうしゅう,25,{}
忙,いそが,25,{}
深呼吸,しんこきゅう,25,{}
皿,さら,25,{}
整備,せいび,25,{}
不足,ふそく,25,{}
一歩,いっぽ,25,{}
配,くば,25,{}
冊,さつ,25,{}
自由,じゆう,25,{}
沈黙,ちんもく,25,{}
土地,とち,25,{}
成果,せいか,25,{}
熱心,ねっしん,25,{}
陽気,ようき,25,{}
在庫,ざいこ,25,{}
記憶,きおく,25,{}
尊重,そんちょう,25,{}
確保,かくほ,25,{}
古典的,こてんてき,25,{}
誠実,せいじつ,25,{}
品,ひん,25,{}
観察者,かんさつしゃ,25,{}
徹底,てってい,25,{}
派手,はで,25,{}
雰囲気,ふんいき,25,{}
勝,か,24,"{""まさ"": 2, ""しょう"": 1}"
横,よこ,24,{}
長時間,ちょうじかん,24,{}
燃,も,24,{}
散,ち,24,{}
部活,ぶかつ,24,{}
締,し,24,{}
飼,か,24,{}
代表,だいひょう,24,{}
汚,よご,24,"{""きたな"": 2}"
部,ぶ,24,{}
付,つ,24,"{""ふ"": 2, ""つき"": 1}"
家庭,かてい,24,{}
牛乳,ぎゅうにゅう,24,{}
混,ま,24,"{""こ"": 6}"
南,みなみ,24,{}
正,ただ,24,"{""せい"": 1}"
旅行,りょこう,24,{}
祖父母,そふぼ,24,{}
両親,りょうしん,24,{}
飛行機,ひこうき,24,{}
位置,いち,24,{}
人気,にんき,24,{}
抱,かか,24,"{""だ"": 22}"
遠足,えんそく,24,{}
化学,かがく,24,{}
崩,くず,24,{}
匂,にお,24,{}
溶,と,24,"{""よう"": 1}"
一枚,いちまい,24,{}
農家,のうか,24,{}
弁護士,べんごし,24,{}
電子,でんし,24,{}
削除,さくじょ,24,{}
速度,そくど,24,{}
無関係,むかんけい,24,{}
解散,かいさん,24,{}
混乱,こんらん,24,{}
果,は,24,{}
強化,きょうか,24,{}
追加,ついか,24,{}
決断,けつだん,24,{}
満足,まんぞく,24,{}
華,はな,24,{}
更新,こうしん,24,{}
予防,よぼう,24,{}
中立,ちゅうりつ,24,{}
文章,ぶんしょう,23,{}
棄権,きけん,23,{}
機,き,23,{}
二人,ふたり,23,{}
本当,ほんとう,23,{}
親,した,23,"{""おや"": 12}"
嬉,うれ,23,{}
小説,しょうせつ,23,{}
鮮,あざ,23,{}
秒,びょう,23,{}
元,もと,23,{}
弁当,べんとう,23,{}
価値,かち,23,{}
方法,ほうほう,23,{}
貴重,きちょう,23,{}
屋,や,23,{}
施設,しせつ,23,{}
勇気,ゆうき,23,{}
割,わ,23,"{""わり"": 16, ""さ"": 6}"
校長,こうちょう,23,{}
知識,ちしき,23,{}
厚,あつ,23,{}
順番,じゅんばん,23,{}
想像,そうぞう,23,{}
新製品,しんせいひん,23,{}
方向,ほうこう,23,{}
睡眠,すいみん,23,{}
公式,こうしき,23,{}
修理,しゅうり,23,{}
正直,しょうじき,23,{}
印刷,いんさつ,23,{}
延期,えんき,23,{}
役,やく,23,{}
同僚,どうりょう,23,{}
論文,ろんぶん,23,{}
応,おう,23,"{""こた"": 9}"
登山者,とざんしゃ,23,{}
共,とも,23,{}
導入,どうにゅう,23,{}
英国式,えいこくしき,23,{}
最,もっと,22,{}
逃,に,22,"{""のが"": 7}"
審判,しんぱん,22,{}
暖,あたた,22,{}
信,しん,22,{}
理由,りゆう,22,{}
米,こめ,22,{}
運動会,うんどうかい,22,{}
地球,ちきゅう,22,{}
人口,じんこう,22,{}
選挙,せんきょ,22,{}
習,なら,22,{}
時期,じき,22,{}
新幹線,しんかんせん,22,{}
競技,きょうぎ,22,{}
種,たね,22,"{""しゅ"": 2}"
翌日,よくじつ,22,{}
屋上,おくじょう,22,{}
請求書,せいきゅうしょ,22,{}
看護師,かんごし,22,{}
高校,こうこう,22,{}
列,れつ,22,"{""つら"": 5}"
橋,はし,22,{}
塩,しお,22,{}
便利,べんり,22,{}
量,りょう,22,"{""はか"": 4}"
世紀,せいき,22,{}
地,ち,22,{}
工事,こうじ,22,{}
山道,やまみち,22,{}
無料,むりょう,22,{}
段階,だんかい,22,{}
薄,うす,22,"{""はく"": 2}"
継,つ,22,{}
撤去,てっきょ,22,{}
油,あぶら,22,{}
売却,ばいきゃく,22,{}
法律,ほうりつ,22,{}
助言,じょげん,22,{}
流行,りゅうこう,22,"{""はや"": 1}"
照明,しょうめい,22,{}
研修,けんしゅう,22,{}
店主,てんしゅ,22,{}
安定,あんてい,22,{}
手続,てつづ,22,{}
日常,にちじょう,22,{}
医療,いりょう,22,{}
敬称,けいしょう,22,{}
率直,そっちょく,22,{}
以前,いぜん,22,{}
歓喜,かんき,22,{}
拡大,かくだい,22,{}
関係者,かんけいしゃ,22,{}
調査,ちょうさ,22,{}
数値,すうち,22,{}
毎晩,まいばん,21,{}
宝物,たからもの,21,{}
踊,おど,21,{}
信号,しんごう,21,{}
体力,たいりょく,21,{}
中学生,ちゅうがくせい,21,{}
命,いのち,21,"{""めい"": 1}"
距離,きょり,21,{}
構成,こうせい,21,{}
黄色,きいろ,21,{}
災害,さいがい,21,{}
治療,ちりょう,21,{}
気分,きぶん,21,{}
詩,し,21,{}
根,ね,21,{}
贈,おく,21,{}
日本語,にほんご,21,{}
移,うつ,21,{}
農業,のうぎょう,21,{}
注,そそ,21,{}
紅茶,こうちゃ,21,{}
底,そこ,21,{}
鍵,かぎ,21,{}
行列,ぎょうれつ,21,{}
気温,きおん,21,{}
釣,つ,21,{}
夜中,よなか,21,{}
布,ぬの,21,{}
群,む,21,"{""ぐん"": 3, ""むら"": 1}"
完璧,かんぺき,21,{}
貯金,ちょきん,21,{}
無事,ぶじ,21,{}
事件,じけん,21,{}
導,みちび,21,{}
提供,ていきょう,21,{}
利益,りえき,21,{}
編集者,へんしゅうしゃ,21,{}
期待,きたい,21,{}
指導,しどう,21,{}
証拠,しょうこ,21,{}
契約,けいやく,21,{}
業者,ぎょうしゃ,21,{}
責任,せきにん,21,{}
主張,しゅちょう,21,{}
空港,くうこう,21,{}
資格,しかく,21,{}
達成,たっせい,21,{}
業務,ぎょうむ,21,{}
線,せん,20,{}
鼻,はな,20,{}
硬,かた,20,"{""がた"": 5}"
夕暮,ゆうぐ,20,{}
卒業式,そつぎょうしき,20,{}
固,かた,20,{}
特,とく,20,{}
滑,すべ,20,"{""なめ"": 12}"
土,つち,20,{}
最近,さいきん,20,{}
段,だん,20,{}
種類,しゅるい,20,{}
教会,きょうかい,20,{}
会,かい,20,"{""あ"": 17}"
出発,しゅっぱつ,20,{}
解説,かいせつ,20,{}
一部,いちぶ,20,{}
慌,あわ,20,{}
選択,せんたく,20,{}
心配,しんぱい,20,{}
隅,すみ,20,{}
初日,しょにち,20,{}
雷,かみなり,20,{}
客席,きゃくせき,20,{}
願,ねが,20,{}
秘密,ひみつ,20,{}
目指,めざ,20,{}
設計,せっけい,20,{}
職員,しょくいん,20,{}
再生,さいせい,20,{}
念,ねん,20,{}
最高,さいこう,20,{}
結末,けつまつ,20,{}
奪,うば,20,{}
公開,こうかい,20,{}
吸,す,20,{}
請求,せいきゅう,20,{}
賞,しょう,20,{}
親戚,しんせき,20,{}
誤解,ごかい,20,{}
招,まね,20,{}
新鮮,しんせん,20,{}
毛布,もうふ,20,{}
推奨,すいしょう,20,{}
漂,ただよ,20,{}
開発,かいはつ,20,{}
平凡,へいぼん,20,{}
記事,きじ,20,{}
見入,みい,20,{}
見逃,みのが,20,{}
傍観者,ぼうかんしゃ,20,{}
来場者,らいじょうしゃ,20,{}
反映,はんえい,20,{}
事前,じぜん,20,{}
半年後,はんとしご,20,{}
裏,うら,19,{}
中学,ちゅうがく,19,{}
腹,はら,19,"{""なか"": 12}"
太,ふと,19,{}
雑誌,ざっし,19,{}
体育,たいいく,19,{}
面,めん,19,{}
泣,な,19,{}
断,ことわ,19,"{""た"": 2}"
範囲,はんい,19,{}
干,ほ,19,"{""かん"": 5}"
身体,しんたい,19,{}
出席,しゅっせき,19,{}
短縮形,たんしゅくけい,19,{}
悪,わる,19,"{""あく"": 2}"
飯,めし,19,{}
成績,せいせき,19,{}
弱,よわ,19,{}
大会,たいかい,19,{}
人物,じんぶつ,19,{}
材料,ざいりょう,19,{}
服装,ふくそう,19,{}
部品,ぶひん,19,{}
苦手,にがて,19,{}
草原,そうげん,19,{}
表面,ひょうめん,19,{}
最大,さいだい,19,{}
財布,さいふ,19,{}
玉,たま,19,{}
村,むら,19,{}
舞,ま,19,{}
俳優,はいゆう,19,{}
収穫,しゅうかく,19,{}
新作,しんさく,19,{}
興味,きょうみ,19,{}
面白,おもしろ,19,{}
鍋,なべ,19,{}
端,はじ,19,{}
地下,ちか,19,{}
照,て,19,{}
大事,だいじ,19,{}
放置,ほうち,19,{}
死,し,19,{}
高齢者,こうれいしゃ,19,{}
案,あん,19,{}
式典,しきてん,19,{}
築,きづ,19,{}
定番,ていばん,19,{}
直接,ちょくせつ,19,{}
発表会,はっぴょうかい,19,{}
西,にし,19,{}
表示,ひょうじ,19,{}
寄付,きふ,19,{}
班,はん,19,{}
結婚,けっこん,19,{}
公平,こうへい,19,{}
報告書,ほうこくしょ,19,{}
繁栄,はんえい,19,{}
悪化,あっか,19,{}
組織,そしき,19,{}
運営,うんえい,19,{}
地味,じみ,19,{}
登場,とうじょう,19,{}
条件,じょうけん,19,{}
耐,た,19,{}
震,ふる,19,"{""しん"": 4}"
効率,こうりつ,19,{}
交渉,こうしょう,19,{}
述,の,19,{}
雇用,こよう,19,{}
分析,ぶんせき,19,{}
講師,こうし,19,{}
適切,てきせつ,19,{}
細部,さいぶ,19,{}
説明会,せつめいかい,19,{}
反応,はんのう,19,{}
周,まわ,18,"{""しゅう"": 5}"
背中,せなか,18,{}
昼,ひる,18,{}
去,さ,18,{}
手作,てづく,18,{}
本棚,ほんだな,18,{}
少年,しょうねん,18,{}
残念,ざんねん,18,{}
短縮,たんしゅく,18,{}
調,しら,18,{}
映画館,えいがかん,18,{}
咲,さ,18,{}
展開,てんかい,18,{}
人間,にんげん,18,{}
切手,きって,18,{}
順,じゅん,18,{}
手伝,てつだ,18,{}
昨日,きのう,18,{}
掃除,そうじ,18,{}
運転手,うんてんしゅ,18,{}
異,こと,18,{}
言語,げんご,18,{}
画家,がか,18,{}
副詞,ふくし,18,{}
完了,かんりょう,18,{}
載,の,18,{}
靴下,くつした,18,{}
才能,さいのう,18,{}
最終,さいしゅう,18,{}
早朝,そうちょう,18,{}
得意,とくい,18,{}
回収,かいしゅう,18,{}
通学路,つうがくろ,18,{}
現実,げんじつ,18,{}
疑,うたが,18,{}
個人的,こじんてき,18,{}
領収書,りょうしゅうしょ,18,{}
激,はげ,18,{}
瓶,びん,18,{}
皮肉,ひにく,18,{}
無駄,むだ,18,{}
可能,かのう,18,{}
尽,つ,18,{}
絶,た,18,"{""ぜっ"": 2}"
失望,しつぼう,18,{}
実感,じっかん,18,{}
妨害,ぼうがい,18,{}
推測,すいそく,18,{}
謝罪,しゃざい,18,{}
効果,こうか,18,{}
店舗,てんぽ,18,{}
縮小,しゅくしょう,18,{}
視線,しせん,18,{}
緊急,きんきゅう,18,{}
意,い,18,{}
強制的,きょうせいてき,18,{}
当日,とうじつ,18,{}
検討,けんとう,18,{}
維持,いじ,18,{}
基本,きほん,17,{}
中古,ちゅうこ,17,{}
昔,むかし,17,{}
万円,まんえん,17,{}
分間,ふんかん,17,{}
噛,か,17,{}
頂上,ちょうじょう,17,{}
火,ひ,17,"{""び"": 1}"
常,つね,17,{}
困,こま,17,{}
茶,ちゃ,17,{}
容器,ようき,17,{}
全般,ぜんぱん,17,{}
植物,しょくぶつ,17,{}
正月,しょうがつ,17,{}
倒,たお,17,{}
我慢,がまん,17,{}
鉛筆,えんぴつ,17,{}
慣,な,17,{}
城,しろ,17,{}
高速道路,こうそくどうろ,17,{}
幅,はば,17,{}
鋭,するど,17,{}
払,はら,17,{}
東,ひがし,17,{}
夕日,ゆうひ,17,{}
宗教,しゅうきょう,17,{}
台,だい,17,{}
世話,せわ,17,{}
合間,あいま,17,{}
装備,そうび,17,{}
布団,ふとん,17,{}
上着,うわぎ,17,{}
委員,いいん,17,{}
砂漠,さばく,17,{}
折,お,17,{}
栄養,えいよう,17,{}
煙,けむり,17,{}
心臓,しんぞう,17,{}
屋外,おくがい,17,{}
窓口,まどぐち,17,{}
通訳,つうやく,17,{}
金属,きんぞく,17,{}
王,おう,17,{}
検査,けんさ,17,{}
生命,せいめい,17,{}
土台,どだい,17,{}
避難,ひなん,17,{}
至,いた,17,{}
員,いん,17,{}
出張,しゅっちょう,17,{}
推薦,すいせん,17,{}
違法,いほう,17,{}
観客席,かんきゃくせき,17,{}
返却,へんきゃく,17,{}
許可,きょか,17,{}
詩人,しじん,17,{}
即座,そくざ,17,{}
通知,つうち,17,{}
彩,いろど,17,"{""さい"": 4}"
豪華,ごうか,17,{}
騒音,そうおん,17,{}
予想外,よそうがい,17,{}
注目,ちゅうもく,17,{}
通行人,つうこうにん,17,{}
片手,かたて,17,{}
演説,えんぜつ,17,{}
見違,みちが,17,{}
放棄,ほうき,17,{}
宿,やど,17,{}
繊細,せんさい,17,{}
練,ね,17,{}
最小限,さいしょうげん,17,{}
後押,あとお,17,{}
変動,へんどう,17,{}
担当者,たんとうしゃ,17,{}
委員会,いいんかい,17,{}
多義,たぎ,16,{}
特徴,とくちょう,16,{}
穴,あな,16,{}
負,ま,16,"{""お"": 1}"
涼,すず,16,"{""りょう"": 1}"
夜空,よぞら,16,{}
網,あみ,16,{}
強調,きょうちょう,16,{}
頭痛,ずつう,16,{}
挨拶,あいさつ,16,{}
辛,つら,16,"{""かろ"": 1}"
地面,じめん,16,{}
握手,あくしゅ,16,{}
親友,しんゆう,16,{}
節約,せつやく,16,{}
嫌,きら,16,"{""いや"": 3}"
中国,ちゅうごく,16,{}
合唱,がっしょう,16,{}
親切,しんせつ,16,{}
馬,うま,16,{}
絵本,えほん,16,{}
縮,ちぢ,16,"{""しゅく"": 1}"
狭,せま,16,"{""せば"": 4}"
平日,へいじつ,16,{}
顕微鏡,けんびきょう,16,{}
団体,だんたい,16,{}
球技,きゅうぎ,16,{}
職業,しょくぎょう,16,{}
上手,じょうず,16,{}
冗談,じょうだん,16,{}
砂糖,さとう,16,{}
交換,こうかん,16,{}
感動,かんどう,16,{}
要点,ようてん,16,{}
比較,ひかく,16,{}
印象,いんしょう,16,{}
金色,きんいろ,16,{}
変更,へんこう,16,{}
本物,ほんもの,16,{}
屋敷,やしき,16,{}
配布,はいふ,16,{}
競争,きょうそう,16,{}
直前,ちょくぜん,16,{}
粉,こな,16,{}
警察,けいさつ,16,{}
歴史的,れきしてき,16,{}
担,にな,16,"{""かつ"": 1}"
返品,へんぴん,16,{}
足元,あしもと,16,{}
分類,ぶんるい,16,{}
野生,やせい,16,{}
生物,せいぶつ,16,{}
皮,かわ,16,{}
式,しき,16,{}
徐々,じょじょ,16,{}
今後,こんご,16,{}
身近,みじか,16,{}
発想,はっそう,16,{}
生徒会,せいとかい,16,{}
膝,ひざ,16,{}
落胆,らくたん,16,{}
感覚,かんかく,16,{}
前夜,ぜんや,16,{}
試,ため,16,"{""こころ"": 8}"
輸入,ゆにゅう,16,{}
豊富,ほうふ,16,{}
報道,ほうどう,16,{}
不快,ふかい,16,{}
経済的,けいざいてき,16,{}
物資,ぶっし,16,{}
免除,めんじょ,16,{}
乗客,じょうきゃく,16,{}
後退,こうたい,16,{}
専門,せんもん,16,{}
解体,かいたい,16,{}
古典,こてん,16,{}
企画,きかく,16,{}
整然,せいぜん,16,{}
関心,かんしん,16,{}
惜,お,16,{}
承認,しょうにん,16,{}
短期,たんき,16,{}
息子,むすこ,15,{}
実,み,15,"{""みの"": 11, ""じつ"": 7}"
子犬,こいぬ,15,{}
東京,とうきょう,15,{}
諦,あきら,15,{}
他人,たにん,15,{}
液体,えきたい,15,{}
譲,ゆず,15,{}
水泳,すいえい,15,{}
所,ところ,15,{}
動物園,どうぶつえん,15,{}
事情,じじょう,15,{}
場合,ばあい,15,{}
教科,きょうか,15,{}
肌,はだ,15,{}
羽,はね,15,"{""わ"": 4}"
学年,がくねん,15,{}
楽器,がっき,15,{}
億,おく,15,{}
文,ぶん,15,{}
故障,こしょう,15,{}
小学校,しょうがっこう,15,{}
巡,めぐ,15,"{""じゅん"": 1}"
日曜,にちよう,15,{}
草,くさ,15,{}
挟,はさ,15,{}
万人,まんにん,15,{}
兄弟,きょうだい,15,{}
文法,ぶんぽう,15,{}
冒頭,ぼうとう,15,{}
集会,しゅうかい,15,{}
手洗,てあら,15,{}
写,うつ,15,{}
英,えい,15,{}
延長,えんちょう,15,{}
夕焼,ゆうや,15,{}
銀行,ぎんこう,15,{}
具体的,ぐたいてき,15,{}
挑,いど,15,"{""ちょう"": 1}"
電池,でんち,15,{}
工具,こうぐ,15,{}
連続,れんぞく,15,{}
型,かた,15,{}
水面,すいめん,15,{}
堂々,どうどう,15,{}
地震,じしん,15,{}
最終的,さいしゅうてき,15,{}
商人,しょうにん,15,{}
兵士,へいし,15,{}
絵画,かいが,15,{}
批判,ひはん,15,{}
手術,しゅじゅつ,15,{}
実現,じつげん,15,{}
国際,こくさい,15,{}
各国,かっこく,15,{}
蒸,む,15,"{""じょう"": 2}"
銀,ぎん,15,{}
設備,せつび,15,{}
社長,しゃちょう,15,{}
象徴,しょうちょう,15,{}
豆,まめ,15,{}
案内人,あんないにん,15,{}
扉,とびら,15,{}
改装,かいそう,15,{}
要約,ようやく,15,{}
操作,そうさ,15,{}
光景,こうけい,15,{}
見出,みだ,15,{}
緩,ゆる,15,{}
祝祭,しゅくさい,15,{}
精度,せいど,15,{}
監視,かんし,15,{}
利用,りよう,15,{}
厳格,げんかく,15,{}
予期,よき,15,{}
解放,かいほう,15,{}
向上,こうじょう,15,{}
大幅,おおはば,15,{}
積極的,せっきょくてき,15,{}
迅速,じんそく,15,{}
段階的,だんかいてき,15,{}
視聴者,しちょうしゃ,15,{}
外部,がいぶ,15,{}
和解,わかい,15,{}
過去,かこ,14,{}
手袋,てぶくろ,14,{}
蹴,け,14,{}
杯,はい,14,{}
治,なお,14,"{""おさ"": 5}"
日記,にっき,14,{}
北,きた,14,{}
給食,きゅうしょく,14,{}
踏切,ふみきり,14,{}
夏祭,なつまつ,14,{}
屋台,やたい,14,{}
内,ない,14,{}
政治,せいじ,14,{}
家族全員,かぞくぜんいん,14,{}
講座,こうざ,14,{}
担当,たんとう,14,{}
両面,りょうめん,14,{}
卒業,そつぎょう,14,{}
頻繁,ひんぱん,14,{}
図書室,としょしつ,14,{}
煙突,えんとつ,14,{}
工業,こうぎょう,14,{}
停電,ていでん,14,{}
苦,にが,14,"{""くる"": 14, ""く"": 1}"
校舎,こうしゃ,14,{}
濡,ぬ,14,{}
物事,ものごと,14,{}
放送,ほうそう,14,{}
暗記,あんき,14,{}
湯気,ゆげ,14,{}
絶対,ぜったい,14,{}
目立,めだ,14,{}
不要,ふよう,14,{}
師,し,14,{}
立派,りっぱ,14,{}
絶滅,ぜつめつ,14,{}
装飾,そうしょく,14,{}
適当,てきとう,14,{}
国際的,こくさいてき,14,{}
炎,ほのお,14,{}
防犯,ぼうはん,14,{}
書店,しょてん,14,{}
援助,えんじょ,14,{}
登場人物,とうじょうじんぶつ,14,{}
障害,しょうがい,14,{}
卒業生,そつぎょうせい,14,{}
一本,いっぽん,14,{}
額,ひたい,14,{}
開店,かいてん,14,{}
市長,しちょう,14,{}
生産,せいさん,14,{}
祝賀,しゅくが,14,{}
被災地,ひさいち,14,{}
礼儀正,れいぎただ,14,{}
現地,げんち,14,{}
性別,せいべつ,14,{}
漏,も,14,{}
勤勉,きんべん,14,{}
海辺,うみべ,14,{}
詳細,しょうさい,14,{}
背景,はいけい,14,{}
貢献,こうけん,14,{}
採用,さいよう,14,{}
無理,むり,14,{}
各地,かくち,14,{}
負担,ふたん,14,{}
矛盾,むじゅん,14,{}
研究室,けんきゅうしつ,14,{}
家計,かけい,14,{}
面接官,めんせつかん,14,{}
利用者,りようしゃ,14,{}
学会,がっかい,14,{}
取材,しゅざい,14,{}
把握,はあく,14,{}
道筋,みちすじ,14,{}
同音,どうおん,13,{}
北海道,ほっかいどう,13,{}
国家,こっか,13,{}
果物,くだもの,13,{}
両手,りょうて,13,{}
満点,まんてん,13,{}
歌手,かしゅ,13,{}
中身,なかみ,13,{}
中間,ちゅうかん,13,{}
虫,むし,13,{}
投票,とうひょう,13,{}
合図,あいず,13,{}
運転,うんてん,13,{}
桃,もも,13,{}
牛,うし,13,{}
封筒,ふうとう,13,{}
素晴,すば,13,{}
去年,きょねん,13,{}
回転,かいてん,13,{}
歌詞,かし,13,{}
牧場,ぼくじょう,13,{}
糸,いと,13,{}
揚,あ,13,{}
細胞,さいぼう,13,{}
戦,せん,13,"{""たたか"": 13}"
訓練,くんれん,13,{}
字,じ,13,{}
事務所,じむしょ,13,{}
売店,ばいてん,13,{}
犯人,はんにん,13,{}
時刻,じこく,13,{}
欄,らん,13,{}
器,うつわ,13,{}
包丁,ほうちょう,13,{}
支払,しはら,13,{}
小屋,こや,13,{}
級,きゅう,13,{}
一言,ひとこと,13,{}
来客,らいきゃく,13,{}
告,つ,13,{}
称,しょう,13,"{""たた"": 9}"
天気予報,てんきよほう,13,{}
顧問,こもん,13,{}
遅刻,ちこく,13,{}
砂,すな,13,{}
汚染,おせん,13,{}
賛成,さんせい,13,{}
決定,けってい,13,{}
万,まん,13,{}
劇,げき,13,{}
後半,こうはん,13,{}
手帳,てちょう,13,{}
預,あず,13,{}
救,すく,13,{}
真剣,しんけん,13,{}
食品,しょくひん,13,{}
編,あ,13,{}
応募,おうぼ,13,{}
観光地,かんこうち,13,{}
貫,つらぬ,13,"{""かん"": 1}"
国内,こくない,13,{}
見通,みとお,13,{}
人類,じんるい,13,{}
掲,かか,13,{}
紹介,しょうかい,13,{}
輸出,ゆしゅつ,13,{}
魅了,みりょう,13,{}
活発,かっぱつ,13,{}
恥,は,13,"{""はじ"": 1}"
銅,どう,13,{}
角,かく,13,"{""かど"": 1}"
苦情,くじょう,13,{}
妨,さまた,13,{}
下着,したぎ,13,{}
創作,そうさく,13,{}
好奇心,こうきしん,13,{}
傾向,けいこう,13,{}
定期的,ていきてき,13,{}
懐,なつ,13,{}
天候,てんこう,13,{}
家電,かでん,13,{}
気軽,きがる,13,{}
講演,こうえん,13,{}
機能,きのう,13,{}
未熟,みじゅく,13,{}
教員,きょういん,13,{}
期,き,13,{}
夜遅,よるおそ,13,{}
検証,けんしょう,13,{}
促,うなが,13,{}
新規,しんき,13,{}
余韻,よいん,13,{}
誓,ちか,13,{}
簡潔,かんけつ,13,{}
臨,のぞ,13,{}
退職,たいしょく,13,{}
消費者,しょうひしゃ,13,{}
排除,はいじょ,13,{}
受動的,じゅどうてき,13,{}
議題,ぎだい,13,{}
双方,そうほう,13,{}
損,そこ,13,{}
業界,ぎょうかい,13,{}
拡張,かくちょう,13,{}
経営陣,けいえいじん,13,{}
期間,きかん,12,{}
依頼,いらい,12,{}
聴,き,12,{}
双子,ふたご,12,{}
謝,あやま,12,{}
頬,ほお,12,{}
今朝,けさ,12,{}
富士山,ふじさん,12,{}
地上,ちじょう,12,{}
温度,おんど,12,{}
苦労,くろう,12,{}
左右,さゆう,12,{}
美術,びじゅつ,12,{}
雨上,あめあ,12,{}
神話,しんわ,12,{}
神,かみ,12,{}
殻,から,12,{}
大型,おおがた,12,{}
自動車,じどうしゃ,12,{}
本屋,ほんや,12,{}
新刊,しんかん,12,{}
勢,いきお,12,{}
跳,は,12,"{""と"": 10}"
連,つ,12,"{""つら"": 4, ""れん"": 1}"
規模,きぼ,12,{}
後悔,こうかい,12,{}
味噌汁,みそしる,12,{}
新学期,しんがっき,12,{}
毛,け,12,{}
土曜日,どようび,12,{}
構,かま,12,{}
身長,しんちょう,12,{}
挙,あ,12,{}
全校,ぜんこう,12,{}
再会,さいかい,12,{}
科学者,かがくしゃ,12,{}
産業,さんぎょう,12,{}
手渡,てわた,12,{}
外側,そとがわ,12,{}
調理,ちょうり,12,{}
収,おさ,12,{}
市役所,しやくしょ,12,{}
区切,くぎ,12,{}
休暇,きゅうか,12,{}
道路,どうろ,12,{}
経営者,けいえいしゃ,12,{}
路地,ろじ,12,{}
警備員,けいびいん,12,{}
招待,しょうたい,12,{}
入場,にゅうじょう,12,{}
基礎,きそ,12,{}
珍,めずら,12,{}
高級,こうきゅう,12,{}
主要,しゅよう,12,{}
表紙,ひょうし,12,{}
田舎,いなか,12,{}
座席,ざせき,12,{}
体操,たいそう,12,{}
通路,つうろ,12,{}
乾燥,かんそう,12,{}
解決,かいけつ,12,{}
登録,とうろく,12,{}
上機嫌,じょうきげん,12,{}
体重,たいじゅう,12,{}
果汁,かじゅう,12,{}
塊,かたまり,12,{}
指摘,してき,12,{}
放,はな,12,"{""ほう"": 5, ""ほうっ"": 5}"
彫刻,ちょうこく,12,{}
留学,りゅうがく,12,{}
両国,りょうごく,12,{}
国境,こっきょう,12,{}
朝日,あさひ,12,{}
愛情,あいじょう,12,{}
建築,けんちく,12,{}
室,しつ,12,{}
外見,がいけん,12,{}
初心者,しょしんしゃ,12,{}
争,あらそ,12,{}
政策,せいさく,12,{}
被害,ひがい,12,{}
交差点,こうさてん,12,{}
不可能,ふかのう,12,{}
先頭,せんとう,12,{}
製品,せいひん,12,{}
建設,けんせつ,12,{}
模様,もよう,12,{}
経験豊富,けいけんほうふ,12,{}
長期,ちょうき,12,{}
民謡,みんよう,12,{}
長距離,ちょうきょり,12,{}
臆病,おくびょう,12,{}
叫,さけ,12,{}
失礼,しつれい,12,{}
刺,さ,12,{}
点検,てんけん,12,{}
自慢,じまん,12,{}
精密,せいみつ,12,{}
行為,こうい,12,{}
共同,きょうどう,12,{}
童話,どうわ,12,{}
屋内,おくない,12,{}
掲示板,けいじばん,12,{}
予報,よほう,12,{}
工事現場,こうじげんば,12,{}
清潔,せいけつ,12,{}
歩道,ほどう,12,{}
夢中,むちゅう,12,{}
雑談,ざつだん,12,{}
違反,いはん,12,{}
削減,さくげん,12,{}
街角,まちかど,12,{}
信頼関係,しんらいかんけい,12,{}
土壌,どじょう,12,{}
謙虚,けんきょ,12,{}
避難所,ひなんじょ,12,{}
知恵,ちえ,12,{}
旅人,たびびと,12,{}
方向性,ほうこうせい,12,{}
概念,がいねん,12,{}
難解,なんかい,12,{}
部署,ぶしょ,12,{}
実用的,じつようてき,12,{}
安心感,あんしんかん,12,{}
新型,しんがた,12,{}
動線,どうせん,12,{}
不適切,ふてきせつ,12,{}
好評,こうひょう,12,{}
稀,まれ,12,{}
短時間,たんじかん,12,{}
未然,みぜん,12,{}
些細,ささい,12,{}
投資家,とうしか,12,{}
根拠,こんきょ,12,{}
娘,むすめ,11,{}
不規則,ふきそく,11,{}
等,ひと,11,"{""など"": 4}"
手首,てくび,11,{}
脚,あし,11,{}
虹,にじ,11,{}
水族館,すいぞくかん,11,{}
過去形,かこけい,11,{}
通学,つうがく,11,{}
餌,えさ,11,{}
歯医者,はいしゃ,11,{}
昇,のぼ,11,{}
分野,ぶんや,11,{}
州,しゅう,11,{}
枯,か,11,{}
記号,きごう,11,{}
広場,ひろば,11,{}
細長,ほそなが,11,{}
寺,てら,11,{}
神社,じんじゃ,11,{}
大好,だいす,11,{}
羊,ひつじ,11,{}
来週,らいしゅう,11,{}
池,いけ,11,{}
午前中,ごぜんちゅう,11,{}
候補者,こうほしゃ,11,{}
態度,たいど,11,{}
通常,つうじょう,11,{}
公共,こうきょう,11,{}
月曜,げつよう,11,{}
一晩,ひとばん,11,{}
来月,らいげつ,11,{}
伝統的,でんとうてき,11,{}
花壇,かだん,11,{}
帯,おび,11,"{""お"": 7}"
指先,ゆびさき,11,{}
骨,ほね,11,{}
将来,しょうらい,11,{}
販売,はんばい,11,{}
二度,にど,11,{}
不思議,ふしぎ,11,{}
平均,へいきん,11,{}
食堂,しょくどう,11,{}
岩,いわ,11,{}
名字,みょうじ,11,{}
繊維,せんい,11,{}
労働,ろうどう,11,{}
宝,たから,11,{}
鉄,てつ,11,{}
尊敬,そんけい,11,{}
飽,あ,11,{}
一目,いちもく,11,{}
木材,もくざい,11,{}
整備士,せいびし,11,{}
主催者,しゅさいしゃ,11,{}
鉄道,てつどう,11,{}
政治家,せいじか,11,{}
縁,へり,11,"{""えん"": 1}"
科学,かがく,11,{}
受賞,じゅしょう,11,{}
釘,くぎ,11,{}
店頭,てんとう,11,{}
審査員,しんさいん,11,{}
渋滞,じゅうたい,11,{}
上達,じょうたつ,11,{}
見習,みなら,11,{}
特定,とくてい,11,{}
手配,てはい,11,{}
限定,げんてい,11,{}
透明,とうめい,11,{}
巣,す,11,{}
店長,てんちょう,11,{}
浴,あ,11,{}
第,だい,11,{}
大統領,だいとうりょう,11,{}
沿,そ,11,{}
配信,はいしん,11,{}
泥,どろ,11,{}
進化,しんか,11,{}
架空,かくう,11,{}
半日,はんにち,11,{}
著者,ちょしゃ,11,{}
雑,ざつ,11,{}
単,たん,11,{}
固定,こてい,11,{}
部分的,ぶぶんてき,11,{}
一方,いっぽう,11,{}
高校生,こうこうせい,11,{}
議会,ぎかい,11,{}
輸送,ゆそう,11,{}
儀式,ぎしき,11,{}
配置,はいち,11,{}
帰宅,きたく,11,{}
前日,ぜんじつ,11,{}
来年度,らいねんど,11,{}
要,よう,11,"{""い"": 3}"
魅力,みりょく,11,{}
幼児,ようじ,11,{}
再開,さいかい,11,{}
設定,せってい,11,{}
戦略,せんりゃく,11,{}
雷雨,らいう,11,{}
刺激,しげき,11,{}
音色,ねいろ,11,{}
進行,しんこう,11,{}
解雇,かいこ,11,{}
限定的,げんていてき,11,{}
治療法,ちりょうほう,11,{}
健康診断,けんこうしんだん,11,{}
経営,けいえい,11,{}
心待,こころま,11,{}
増加,ぞうか,11,{}
法,ほう,11,{}
従,したが,11,{}
返金,へんきん,11,{}
意図,いと,11,{}
保全,ほぜん,11,{}
決意,けつい,11,{}
活用,かつよう,11,{}
学者,がくしゃ,11,{}
技術者,ぎじゅつしゃ,11,{}
感染症,かんせんしょう,11,{}
呑,の,11,{}
舌,した,10,{}
褒,ほ,10,{}
脱,ぬ,10,"{""だつ"": 1}"
中学校,ちゅうがっこう,10,{}
価格,かかく,10,{}
回数,かいすう,10,{}
芸術,げいじゅつ,10,{}
料理人,りょうりにん,10,{}
拭,ぬぐ,10,"{""ふ"": 8}"
普段,ふだん,10,{}
全力,ぜんりょく,10,{}
原料,げんりょう,10,{}
子猫,こねこ,10,{}
略記,りゃくき,10,{}
礼,れい,10,{}
番,ばん,10,"{""つが"": 2}"
番号,ばんごう,10,{}
外国人,がいこくじん,10,{}
料金,りょうきん,10,{}
門,もん,10,{}
芽,め,10,{}
居間,いま,10,{}
土曜,どよう,10,{}
梅雨,つゆ,10,{}
得点,とくてん,10,{}
京都,きょうと,10,{}
浴衣,ゆかた,10,{}
順序,じゅんじょ,10,{}
貝殻,かいがら,10,{}
定規,じょうぎ,10,{}
硬貨,こうか,10,{}
花火大会,はなびたいかい,10,{}
夫婦,ふうふ,10,{}
澄,す,10,{}
作家,さっか,10,{}
一般的,いっぱんてき,10,{}
現在,げんざい,10,{}
丘,おか,10,{}
午前,ごぜん,10,{}
切符,きっぷ,10,{}
酢,す,10,{}
手元,てもと,10,{}
叩,たた,10,{}
主役,しゅやく,10,{}
小学生,しょうがくせい,10,{}
医者,いしゃ,10,{}
曇,くも,10,{}
大声,おおごえ,10,{}
灯,あか,10,"{""とも"": 4, ""ともしび"": 1}"
洗濯物,せんたくもの,10,{}
湿,しめ,10,{}
職,しょく,10,{}
実際,じっさい,10,{}
食器,しょっき,10,{}
毎回,まいかい,10,{}
掛,か,10,{}
接客,せっきゃく,10,{}
感動的,かんどうてき,10,{}
招待状,しょうたいじょう,10,{}
今回,こんかい,10,{}
図,ず,10,"{""はか"": 2}"
報,ほう,10,"{""むく"": 6, ""しら"": 1}"
発展,はってん,10,{}
無名,むめい,10,{}
炊飯器,すいはんき,10,{}
大量,たいりょう,10,{}
神経,しんけい,10,{}
便,びん,10,"{""たよ"": 1}"
遅延,ちえん,10,{}
担任,たんにん,10,{}
目的地,もくてきち,10,{}
体調,たいちょう,10,{}
看護,かんご,10,{}
政府,せいふ,10,{}
警察官,けいさつかん,10,{}
関,かか,10,"{""かん"": 9}"
特集,とくしゅう,10,{}
業,ぎょう,10,{}
責任者,せきにんしゃ,10,{}
予告,よこく,10,{}
乱暴,らんぼう,10,{}
逆,ぎゃく,10,"{""さか"": 2}"
際,きわ,10,"{""さい"": 9}"
営業,えいぎょう,10,{}
弱点,じゃくてん,10,{}
校則,こうそく,10,{}
柱,はしら,10,{}
皮膚,ひふ,10,{}
休息,きゅうそく,10,{}
訴,うった,10,{}
弱々,よわよわ,10,{}
熟練,じゅくれん,10,{}
缶,かん,10,{}
癖,くせ,10,{}
旗,はた,10,{}
歌声,うたごえ,10,{}
直後,ちょくご,10,{}
何十年,なんじゅうねん,10,{}
欠席,けっせき,10,{}
気象,きしょう,10,{}
袖,そで,10,{}
文学,ぶんがく,10,{}
技術的,ぎじゅつてき,10,{}
山小屋,やまごや,10,{}
薪,たきぎ,10,{}
音読,おんどく,10,{}
実演,じつえん,10,{}
祭典,さいてん,10,{}
全国大会,ぜんこくたいかい,10,{}
天然,てんねん,10,{}
攻撃,こうげき,10,{}
意外,いがい,10,{}
洗濯,せんたく,10,{}
値,あたい,10,{}
湿地,しっち,10,{}
湿度,しつど,10,{}
復旧,ふっきゅう,10,{}
宣言,せんげん,10,{}
任,まか,10,"{""にん"": 1}"
覗,のぞ,10,{}
海岸線,かいがんせん,10,{}
呼吸,こきゅう,10,{}
酸素,さんそ,10,{}
見落,みお,10,{}
制限,せいげん,10,{}
見知,みし,10,{}
凍結,とうけつ,10,{}
設立,せつりつ,10,{}
奨学金,しょうがくきん,10,{}
翻訳者,ほんやくしゃ,10,{}
防災,ぼうさい,10,{}
購入,こうにゅう,10,{}
二,ふた,10,"{""に"": 3}"
取引,とりひき,10,{}
不満,ふまん,10,{}
陶器,とうき,10,{}
両立,りょうりつ,10,{}
借金,しゃっきん,10,{}
何年,なんねん,10,{}
異常,いじょう,10,{}
接種,せっしゅ,10,{}
評判,ひょうばん,10,{}
希少,きしょう,10,{}
自,みずか,10,"{""じ"": 1}"
角度,かくど,10,{}
脚本,きゃくほん,10,{}
一致,いっち,10,{}
一週間,いっしゅうかん,10,{}
感染,かんせん,10,{}
構造,こうぞう,10,{}
長旅,ながたび,10,{}
罰則,ばっそく,10,{}
賑,にぎ,10,{}
修正,しゅうせい,10,{}
品質,ひんしつ,10,{}
柔軟,じゅうなん,10,{}
作業員,さぎょういん,10,{}
新商品,しんしょうひん,10,{}
選択肢,せんたくし,10,{}
応募者,おうぼしゃ,10,{}
極端,きょくたん,10,{}
原稿,げんこう,10,{}
傍観,ぼうかん,10,{}
資金,しきん,10,{}
保証,ほしょう,10,{}
却下,きゃっか,10,{}
売上,うりあげ,10,{}
配慮,はいりょ,10,{}
凡庸,ぼんよう,10,{}
上回,うわまわ,10,{}
普及,ふきゅう,10,{}
突発的,とっぱつてき,10,{}
隊,たい,10,{}
人員,じんいん,10,{}
想定外,そうていがい,10,{}
選考,せんこう,10,{}
突,つ,10,{}
社内,しゃない,10,{}
冷淡,れいたん,10,{}
巧,たく,10,{}
迷子,まいご,9,{}
足首,あしくび,9,{}
横切,よこぎ,9,{}
対義,たいぎ,9,{}
両側,りょうがわ,9,{}
美容院,びよういん,9,{}
背負,せお,9,{}
貸,か,9,{}
競,きそ,9,"{""せ"": 1}"
棒,ぼう,9,{}
精神,せいしん,9,{}
役立,やくた,9,{}
塾,じゅく,9,{}
一面,いちめん,9,{}
植,う,9,{}
茶色,ちゃいろ,9,{}
遊園地,ゆうえんち,9,{}
鈍,にぶ,9,"{""どん"": 1}"
徒歩,とほ,9,{}
木製,もくせい,9,{}
欲,ほ,9,"{""よく"": 1}"
入学式,にゅうがくしき,9,{}
月曜日,げつようび,9,{}
日曜日,にちようび,9,{}
確信,かくしん,9,{}
浸,ひた,9,"{""しん"": 2}"
演劇,えんげき,9,{}
右,みぎ,9,{}
通貨,つうか,9,{}
改札,かいさつ,9,{}
曜日,ようび,9,{}
祝日,しゅくじつ,9,{}
芯,しん,9,{}
花火,はなび,9,{}
問題集,もんだいしゅう,9,{}
国語,こくご,9,{}
尋,たず,9,{}
観戦,かんせん,9,{}
日間,にちかん,9,{}
風船,ふうせん,9,{}
薬局,やっきょく,9,{}
幹,かん,9,{}
外出,がいしゅつ,9,{}
前向,まえむ,9,{}
清掃,せいそう,9,{}
世界的,せかいてき,9,{}
水筒,すいとう,9,{}
職員室,しょくいんしつ,9,{}
金曜,きんよう,9,{}
商業,しょうぎょう,9,{}
住宅,じゅうたく,9,{}
無変化,むへんか,9,{}
消毒,しょうどく,9,{}
箸,はし,9,{}
綿,めん,9,{}
見比,みくら,9,{}
決勝戦,けっしょうせん,9,{}
母語,ぼご,9,{}
遺跡,いせき,9,{}
屋根裏,やねうら,9,{}
図書,としょ,9,{}
画像,がぞう,9,{}
掘,ほ,9,{}
悔,くや,9,"{""く"": 1}"
貧,まず,9,{}
針,はり,9,{}
私的,してき,9,{}
演技,えんぎ,9,{}
船長,せんちょう,9,{}
漁師,りょうし,9,{}
砂浜,すなはま,9,{}
浜辺,はまべ,9,{}
謎,なぞ,9,{}
都会,とかい,9,{}
港町,みなとまち,9,{}
様式,ようしき,9,{}
安,やす,9,{}
恐怖,きょうふ,9,{}
近道,ちかみち,9,{}
最終日,さいしゅうび,9,{}
食料,しょくりょう,9,{}
退場,たいじょう,9,{}
煮込,にこ,9,"{""にこみ"": 3}"
保健,ほけん,9,{}
通過,つうか,9,{}
食欲,しょくよく,9,{}
薬剤師,やくざいし,9,{}
出口,でぐち,9,{}
合格,ごうかく,9,{}
競技場,きょうぎじょう,9,{}
劇場,げきじょう,9,{}
温泉,おんせん,9,{}
各,かく,9,{}
提示,ていじ,9,{}
脚本家,きゃくほんか,9,{}
電源,でんげん,9,{}
解説者,かいせつしゃ,9,{}
尾,お,9,{}
不利,ふり,9,{}
引退,いんたい,9,{}
手書,てが,9,{}
単純,たんじゅん,9,{}
内部,ないぶ,9,{}
指針,ししん,9,{}
気球,ききゅう,9,{}
縫,ぬ,9,{}
勝利,しょうり,9,{}
暖炉,だんろ,9,{}
留学生,りゅうがくせい,9,{}
接続,せつぞく,9,{}
遂,と,9,{}
面積,めんせき,9,{}
嫌々,いやいや,9,{}
庭師,にわし,9,{}
大胆,だいたん,9,{}
衣装,いしょう,9,{}
裁判官,さいばんかん,9,{}
指揮者,しきしゃ,9,{}
困難,こんなん,9,{}
編集,へんしゅう,9,{}
戦後,せんご,9,{}
南極,なんきょく,9,{}
取引先,とりひきさき,9,{}
装置,そうち,9,{}
過程,かてい,9,{}
部活動,ぶかつどう,9,{}
電卓,でんたく,9,{}
垂,た,9,{}
筋,すじ,9,{}
三角形,さんかくけい,9,{}
音量,おんりょう,9,{}
証明,しょうめい,9,{}
朗読,ろうどく,9,{}
絞,しぼ,9,"{""し"": 2}"
地下鉄,ちかてつ,9,{}
指輪,ゆびわ,9,{}
章,しょう,9,{}
混雑,こんざつ,9,{}
枕,まくら,9,{}
家畜,かちく,9,{}
帆,ほ,9,{}
漁船,ぎょせん,9,{}
潮,しお,9,{}
判定,はんてい,9,{}
視力,しりょく,9,{}
斜,なな,9,{}
荷,か,9,{}
現金,げんきん,9,{}
魅力的,みりょくてき,9,{}
勇敢,ゆうかん,9,{}
余白,よはく,9,{}
多様性,たようせい,9,{}
発明,はつめい,9,{}
進歩,しんぽ,9,{}
正式,せいしき,9,{}
共通,きょうつう,9,{}
航海,こうかい,9,{}
寮,りょう,9,{}
未完成,みかんせい,9,{}
層,そう,9,{}
理想的,りそうてき,9,{}
果実,かじつ,9,{}
混同,こんどう,9,{}
色合,いろあ,9,{}
見極,みきわ,9,{}
車内,しゃない,9,{}
焦,あせ,9,"{""こ"": 3}"
前進,ぜんしん,9,{}
個別,こべつ,9,{}
動作,どうさ,9,{}
高齢,こうれい,9,{}
吸収,きゅうしゅう,9,{}
換気,かんき,9,{}
業績,ぎょうせき,9,{}
賢明,けんめい,9,{}
本格的,ほんかくてき,9,{}
配達,はいたつ,9,{}
遠方,えんぽう,9,{}
過剰,かじょう,9,{}
語彙,ごい,9,{}
誇張,こちょう,9,{}
自己,じこ,9,{}
動機,どうき,9,{}
勧,すす,9,{}
家事,かじ,9,{}
名誉,めいよ,9,{}
名詞化,めいしか,9,{}
贈与,ぞうよ,9,{}
瞬時,しゅんじ,9,{}
見抜,みぬ,9,{}
教材,きょうざい,9,{}
災害時,さいがいじ,9,{}
近年,きんねん,9,{}
観測,かんそく,9,{}
抽象的,ちゅうしょうてき,9,{}
朝早,あさはや,9,{}
年続,ねんつづ,9,{}
申請,しんせい,9,{}
天文学,てんもんがく,9,{}
通信,つうしん,9,{}
関連,かんれん,9,{}
連日,れんじつ,9,{}
浪費,ろうひ,9,{}
実施,じっし,9,{}
壮大,そうだい,9,{}
近隣,きんりん,9,{}
賞賛,しょうさん,9,{}
手法,しゅほう,9,{}
及,およ,9,{}
両社,りょうしゃ,9,{}
保守的,ほしゅてき,9,{}
最優先,さいゆうせん,9,{}
回避,かいひ,9,{}
古仏,こぶつ,9,{}
改革,かいかく,9,{}
従業員,じゅうぎょういん,9,{}
脚注,きゃくちゅう,9,{}
論点,ろんてん,9,{}
弾,ひ,8,"{""はず"": 6, ""だん"": 3, ""たま"": 1}"
競走,きょうそう,8,{}
年玉,としだま,8,{}
貯,た,8,"{""たくわ"": 1}"
姉妹,しまい,8,{}
横断歩道,おうだんほどう,8,{}
所有,しょゆう,8,{}
警報,けいほう,8,{}
鼻水,はなみず,8,{}
感嘆,かんたん,8,{}
爪,つめ,8,{}
調子,ちょうし,8,{}
象,ぞう,8,{}
入学,にゅうがく,8,{}
街路樹,がいろじゅ,8,{}
長靴,ながぐつ,8,{}
革,かわ,8,{}
誘,さそ,8,{}
授業中,じゅぎょうちゅう,8,{}
備蓄,びちく,8,{}
粒,つぶ,8,{}
漫画,まんが,8,{}
麺,めん,8,{}
前置詞,ぜんちし,8,{}
夕食後,ゆうしょくご,8,{}
札,さつ,8,{}
朝起,あさお,8,{}
眠気,ねむけ,8,{}
集合,しゅうごう,8,{}
笛,ふえ,8,{}
花瓶,かびん,8,{}
時間帯,じかんたい,8,{}
文房具,ぶんぼうぐ,8,{}
合計,ごうけい,8,{}
直線,ちょくせん,8,{}
頻度,ひんど,8,{}
中国語,ちゅうごくご,8,{}
幼稚園,ようちえん,8,{}
太鼓,たいこ,8,{}
建築家,けんちくか,8,{}
以来,いらい,8,{}
手放,てばな,8,{}
発,はつ,8,"{""はっ"": 3}"
人数,にんずう,8,{}
皆,みな,8,{}
沖縄,おきなわ,8,{}
花束,はなたば,8,{}
節目,ふしめ,8,{}
使用,しよう,8,{}
薬品,やくひん,8,{}
坂道,さかみち,8,{}
余分,よぶん,8,{}
盛,も,8,"{""さか"": 4}"
気楽,きらく,8,{}
生地,きじ,8,{}
記入,きにゅう,8,{}
日付,ひづけ,8,{}
森林,しんりん,8,{}
獣医,じゅうい,8,{}
幸,しあわ,8,{}
以外,いがい,8,{}
段落,だんらく,8,{}
披露,ひろう,8,{}
主人公,しゅじんこう,8,{}
登校,とうこう,8,{}
最上級,さいじょうきゅう,8,{}
毒,どく,8,{}
部員,ぶいん,8,{}
許,ゆる,8,{}
体育祭,たいいくさい,8,{}
加速,かそく,8,{}
説明書,せつめいしょ,8,{}
高額,こうがく,8,{}
図鑑,ずかん,8,{}
遺産,いさん,8,{}
非常,ひじょう,8,{}
正解,せいかい,8,{}
漁業,ぎょぎょう,8,{}
今週,こんしゅう,8,{}
太平洋,たいへいよう,8,{}
器用,きよう,8,{}
重要性,じゅうようせい,8,{}
稼,かせ,8,{}
食材,しょくざい,8,{}
県,けん,8,{}
前方,ぜんぽう,8,{}
英雄,えいゆう,8,{}
校長先生,こうちょうせんせい,8,{}
作者,さくしゃ,8,{}
本気,ほんき,8,{}
個性,こせい,8,{}
鐘,かね,8,{}
幕,まく,8,{}
喫茶店,きっさてん,8,{}
人間関係,にんげんかんけい,8,{}
抽選,ちゅうせん,8,{}
申込書,もうしこみしょ,8,{}
清掃活動,せいそうかつどう,8,{}
塔,とう,8,{}
不運,ふうん,8,{}
乱,みだ,8,{}
原子,げんし,8,{}
次第,しだい,8,{}
中継,ちゅうけい,8,{}
別人,べつじん,8,{}
大規模,だいきぼ,8,{}
上品,じょうひん,8,{}
酸,す,8,"{""さん"": 1}"
住所,じゅうしょ,8,{}
矢印,やじるし,8,{}
癒,いや,8,"{""い"": 2}"
膨,ふく,8,{}
豚肉,ぶたにく,8,{}
金額,きんがく,8,{}
値上,ねあ,8,{}
小型,こがた,8,{}
一品,いっぴん,8,{}
塗装,とそう,8,{}
玄関先,げんかんさき,8,{}
歩道橋,ほどうきょう,8,{}
獲得,かくとく,8,{}
見失,みうしな,8,{}
不正,ふせい,8,{}
初対面,しょたいめん,8,{}
効果的,こうかてき,8,{}
音声,おんせい,8,{}
創造的,そうぞうてき,8,{}
都心,としん,8,{}
交代,こうたい,8,{}
望遠鏡,ぼうえんきょう,8,{}
気体,きたい,8,{}
水素,すいそ,8,{}
記念,きねん,8,{}
娯楽,ごらく,8,{}
出演者,しゅつえんしゃ,8,{}
湾,わん,8,{}
見学者,けんがくしゃ,8,{}
想定,そうてい,8,{}
奇妙,きみょう,8,{}
孫娘,まごむすめ,8,{}
応用,おうよう,8,{}
陰気,いんき,8,{}
新居,しんきょ,8,{}
友,とも,8,{}
武器,ぶき,8,{}
妥協,だきょう,8,{}
文化的,ぶんかてき,8,{}
機関,きかん,8,{}
視界,しかい,8,{}
贅沢,ぜいたく,8,{}
一時間,いちじかん,8,{}
嫌悪,けんお,8,{}
静寂,せいじゃく,8,{}
対象,たいしょう,8,{}
額縁,がくぶち,8,{}
真,まこと,8,{}
工作,こうさく,8,{}
夜明,よあ,8,{}
箇所,かしょ,8,{}
周辺,しゅうへん,8,{}
副作用,ふくさよう,8,{}
財産,ざいさん,8,{}
裏切,うらぎ,8,{}
能力,のうりょく,8,{}
機器,きき,8,{}
書面,しょめん,8,{}
口頭,こうとう,8,{}
盗,ぬす,8,{}
魔法,まほう,8,{}
権利,けんり,8,{}
礼儀,れいぎ,8,{}
平穏,へいおん,8,{}
費,つい,8,"{""ひ"": 6}"
街中,まちなか,8,{}
用語,ようご,8,{}
公,こう,8,{}
公的,こうてき,8,{}
宝石,ほうせき,8,{}
退院,たいいん,8,{}
工程,こうてい,8,{}
合法,ごうほう,8,{}
片隅,かたすみ,8,{}
航空,こうくう,8,{}
嫉妬,しっと,8,{}
決定的,けっていてき,8,{}
微妙,びみょう,8,{}
両者,りょうしゃ,8,{}
描写,びょうしゃ,8,{}
収入,しゅうにゅう,8,{}
物理,ぶつり,8,{}
粗雑,そざつ,8,{}
感心,かんしん,8,{}
悪天候,あくてんこう,8,{}
支持,しじ,8,{}
豪雨,ごうう,8,{}
一定,いってい,8,{}
湖面,こめん,8,{}
症状,しょうじょう,8,{}
図面,ずめん,8,{}
再発,さいはつ,8,{}
反響,はんきょう,8,{}
中立的,ちゅうりつてき,8,{}
声明,せいめい,8,{}
活躍,かつやく,8,{}
充実,じゅうじつ,8,{}
供給,きょうきゅう,8,{}
需要,じゅよう,8,{}
発信,はっしん,8,{}
経理,けいり,8,{}
取得,しゅとく,8,{}
封印,ふういん,8,{}
深刻,しんこく,8,{}
空間,くうかん,8,{}
策,さく,8,{}
数年,すうねん,8,{}
修復,しゅうふく,8,{}
有権者,ゆうけんしゃ,8,{}
地域住民,ちいきじゅうみん,8,{}
一行,いちぎょう,8,{}
受身,うけみ,8,{}
説得力,せっとくりょく,8,{}
独立,どくりつ,8,{}
長引,ながび,8,{}
典型的,てんけいてき,8,{}
主義者,しゅぎしゃ,8,{}
証言,しょうげん,8,{}
活力,かつりょく,8,{}
永続的,えいぞくてき,8,{}
後日,ごじつ,8,{}
革新的,かくしんてき,8,{}
優先順位,ゆうせんじゅんい,8,{}
派生,はせい,8,{}
常連客,じょうれんきゃく,8,{}
段取,だんど,8,{}
活,い,8,{}
終盤,しゅうばん,8,{}
新興,しんこう,8,{}
競合,きょうごう,8,{}
軽蔑,けいべつ,8,{}
賛同,さんどう,8,{}
経緯,けいい,8,{}
経費,けいひ,8,{}
縦,たて,7,{}
賢,かしこ,7,{}
唇,くちびる,7,{}
少女,しょうじょ,7,{}
万年筆,まんねんひつ,7,{}
脳,のう,7,{}
邪魔,じゃま,7,{}
滝,たき,7,{}
事例,じれい,7,{}
注意深,ちゅういぶか,7,{}
履,は,7,{}
姪,めい,7,{}
背筋,せすじ,7,{}
電話番号,でんわばんごう,7,{}
産,う,7,"{""さん"": 1}"
伏,ふ,7,{}
酒,さけ,7,{}
日課,にっか,7,{}
炊,た,7,"{""すい"": 1}"
愛,あい,7,{}
川沿,かわぞ,7,{}
応援席,おうえんせき,7,{}
揃,そろ,7,{}
用法,ようほう,7,{}
順位,じゅんい,7,{}
奏者,そうしゃ,7,{}
満開,まんかい,7,{}
除,のぞ,7,{}
訪問者,ほうもんしゃ,7,{}
雑巾,ぞうきん,7,{}
占,し,7,"{""うらな"": 1}"
翼,つばさ,7,{}
狙,ねら,7,{}
英会話,えいかいわ,7,{}
制,せい,7,{}
銀色,ぎんいろ,7,{}
浄化,じょうか,7,{}
新入生,しんにゅうせい,7,{}
推理小説,すいりしょうせつ,7,{}
科学的,かがくてき,7,{}
浅,あさ,7,{}
保健室,ほけんしつ,7,{}
点数,てんすう,7,{}
注射,ちゅうしゃ,7,{}
実習,じっしゅう,7,{}
霜,しも,7,{}
勝手,かって,7,{}
足跡,そくせき,7,{}
見渡,みわた,7,{}
水平線,すいへいせん,7,{}
昨夜,さくや,7,{}
熱帯,ねったい,7,{}
寝室,しんしつ,7,{}
腕時計,うでどけい,7,{}
技,わざ,7,{}
裕福,ゆうふく,7,{}
寂,さび,7,{}
孤独,こどく,7,{}
大地,だいち,7,{}
演,えん,7,{}
半,はん,7,"{""なか"": 3}"
集落,しゅうらく,7,{}
常識,じょうしき,7,{}
学期,がっき,7,{}
催,もよお,7,{}
修学旅行,しゅうがくりょこう,7,{}
期限,きげん,7,{}
別々,べつべつ,7,{}
貿易,ぼうえき,7,{}
録音,ろくおん,7,{}
逆転,ぎゃくてん,7,{}
日光,にっこう,7,{}
適度,てきど,7,{}
事,こと,7,{}
縁側,えんがわ,7,{}
弓,ゆみ,7,{}
例,れい,7,"{""たと"": 3}"
役所,やくしょ,7,{}
辞典,じてん,7,{}
体温,たいおん,7,{}
農民,のうみん,7,{}
数秒,すうびょう,7,{}
用紙,ようし,7,{}
本文,ほんぶん,7,{}
伴,ともな,7,{}
嘘,うそ,7,{}
一発,いっぱつ,7,{}
廃棄,はいき,7,{}
間近,まじか,7,"{""まじ"": 1}"
年寄,としよ,7,{}
陥,おちい,7,{}
旅行者,りょこうしゃ,7,{}
原則,げんそく,7,{}
不明,ふめい,7,{}
婚約,こんやく,7,{}
発祥,はっしょう,7,{}
抗議,こうぎ,7,{}
腹痛,ふくつう,7,{}
芝生,しばふ,7,{}
電波,でんぱ,7,{}
充電,じゅうでん,7,{}
公正,こうせい,7,{}
設計図,せっけいず,7,{}
外交官,がいこうかん,7,{}
灯台,とうだい,7,{}
救急車,きゅうきゅうしゃ,7,{}
衝撃,しょうげき,7,{}
診断,しんだん,7,{}
包帯,ほうたい,7,{}
人前,ひとまえ,7,{}
性質,せいしつ,7,{}
水着,みずぎ,7,{}
湖畔,こはん,7,{}
見捨,みす,7,{}
決勝,けっしょう,7,{}
立場,たちば,7,{}
電報,でんぽう,7,{}
並行,へいこう,7,{}
自由研究,じゆうけんきゅう,7,{}
敗北,はいぼく,7,{}
窓際,まどぎわ,7,{}
分担,ぶんたん,7,{}
演奏会,えんそうかい,7,{}
腫,は,7,{}
天,てん,7,{}
演歌,えんか,7,{}
肥料,ひりょう,7,{}
女王,じょおう,7,{}
燃料,ねんりょう,7,{}
助手,じょしゅ,7,{}
加工,かこう,7,{}
母親,ははおや,7,{}
騎士,きし,7,{}
経済学,けいざいがく,7,{}
胃,い,7,{}
点字,てんじ,7,{}
難問,なんもん,7,{}
刃,は,7,{}
開始,かいし,7,{}
車両,しゃりょう,7,{}
接,せっ,7,{}
指導者,しどうしゃ,7,{}
高原,こうげん,7,{}
頑丈,がんじょう,7,{}
谷,たに,7,{}
解決策,かいけつさく,7,{}
予備,よび,7,{}
永遠,えいえん,7,{}
隙間,すきま,7,{}
疲労,ひろう,7,{}
日差,ひざ,7,{}
二重,にじゅう,7,{}
錠剤,じょうざい,7,{}
砕,くだ,7,{}
声援,せいえん,7,{}
予告編,よこくへん,7,{}
目撃者,もくげきしゃ,7,{}
経歴,けいれき,7,{}
物音,ものおと,7,{}
元素,げんそ,7,{}
二酸化炭素,にさんかたんそ,7,{}
製,せい,7,{}
冒険,ぼうけん,7,{}
資源,しげん,7,{}
故郷,こきょう,7,{}
足音,あしおと,7,{}
雲海,うんかい,7,{}
質素,しっそ,7,{}
熟,じゅく,7,{}
記念日,きねんび,7,{}
海外旅行,かいがいりょこう,7,{}
一生,いっしょう,7,{}
名所,めいしょ,7,{}
妖精,ようせい,7,{}
衣,ころも,7,{}
念入,ねんい,7,{}
念願,ねんがん,7,{}
口調,くちょう,7,{}
詳,くわ,7,{}
反射,はんしゃ,7,{}
必死,ひっし,7,{}
岸,きし,7,{}
同士,どうし,7,{}
擬音,ぎおん,7,{}
蒸発,じょうはつ,7,{}
例外,れいがい,7,{}
貴族,きぞく,7,{}
半年前,はんとしまえ,7,{}
凝,こ,7,{}
事実関係,じじつかんけい,7,{}
興奮,こうふん,7,{}
余暇,よか,7,{}
口語,こうご,7,{}
論理的,ろんりてき,7,{}
返済,へんさい,7,{}
重視,じゅうし,7,{}
説,と,7,"{""せつ"": 1}"
改良,かいりょう,7,{}
音響,おんきょう,7,{}
優雅,ゆうが,7,{}
消極的,しょうきょくてき,7,{}
四季,しき,7,{}
信用,しんよう,7,{}
本部,ほんぶ,7,{}
侵入,しんにゅう,7,{}
軍,ぐん,7,{}
前提,ぜんてい,7,{}
重大,じゅうだい,7,{}
発達,はったつ,7,{}
厨房,ちゅうぼう,7,{}
義務的,ぎむてき,7,{}
屈辱,くつじょく,7,{}
重荷,おもに,7,{}
要素,ようそ,7,{}
処置,しょち,7,{}
心理的,しんりてき,7,{}
強要,きょうよう,7,{}
労働者,ろうどうしゃ,7,{}
社会人,しゃかいじん,7,{}
迫,せま,7,{}
無害,むがい,7,{}
陸上,りくじょう,7,{}
管理人,かんりにん,7,{}
乗組員,のりくみいん,7,{}
天文学者,てんもんがくしゃ,7,{}
熟考,じゅっこう,7,{}
守備,しゅび,7,{}
抵抗,ていこう,7,{}
窓辺,まどべ,7,{}
多様,たよう,7,{}
都市部,としぶ,7,{}
潜水艦,せんすいかん,7,{}
恩師,おんし,7,{}
専攻,せんこう,7,{}
断続的,だんぞくてき,7,{}
町内会,ちょうないかい,7,{}
迷惑,めいわく,7,{}
未成年,みせいねん,7,{}
余剰,よじょう,7,{}
再建,さいけん,7,{}
核心,かくしん,7,{}
模倣,もほう,7,{}
被害者,ひがいしゃ,7,{}
一冊,いっさつ,7,{}
生態系,せいたいけい,7,{}
原文,げんぶん,7,{}
定着,ていちゃく,7,{}
橋渡,はしわた,7,{}
応急処置,おうきゅうしょち,7,{}
若手研究者,わかてけんきゅうしゃ,7,{}
歴史家,れきしか,7,{}
国際社会,こくさいしゃかい,7,{}
惹,ひ,7,{}
関与,かんよ,7,{}
年月,としつき,7,{}
同様,どうよう,7,{}
近代,きんだい,7,{}
制約,せいやく,7,{}
意図的,いとてき,7,{}
全面的,ぜんめんてき,7,{}
擬声語,ぎせいご,7,{}
前書,まえが,7,{}
起業家,きぎょうか,7,{}
新薬,しんやく,7,{}
学界,がっかい,7,{}
否,ひ,7,{}
敏感,びんかん,7,{}
納期,のうき,7,{}
黙認,もくにん,7,{}
甥,おい,6,{}
見分,みわ,6,{}
狩,か,6,{}
子供,こども,6,{}
大喜,おおよろこ,6,{}
左,ひだり,6,{}
黄,き,6,{}
暗闇,くらやみ,6,{}
渇,かわ,6,{}
来年,らいねん,6,{}
灰色,はいいろ,6,{}
序数,じょすう,6,{}
缶詰,かんづめ,6,{}
金魚,きんぎょ,6,{}
役目,やくめ,6,{}
野原,のはら,6,{}
韓国,かんこく,6,{}
昼食,ちゅうしょく,6,{}
田,た,6,{}
並木,なみき,6,{}
満腹,まんぷく,6,{}
女神,めがみ,6,{}
郵便局,ゆうびんきょく,6,{}
郵便,ゆうびん,6,{}
泊,と,6,"{""はく"": 4}"
水槽,すいそう,6,{}
図形,ずけい,6,{}
標高,ひょうこう,6,{}
誕生,たんじょう,6,{}
卓球,たっきゅう,6,{}
金曜日,きんようび,6,{}
診察,しんさつ,6,{}
盆,ぼん,6,{}
接尾辞,せつびじ,6,{}
例文,れいぶん,6,{}
十,じゅう,6,{}
位,い,6,"{""くらい"": 2}"
手入,てい,6,{}
校門,こうもん,6,{}
球,たま,6,{}
外食,がいしょく,6,{}
匹,ひき,6,{}
何時間,なんじかん,6,{}
壇上,だんじょう,6,{}
外国語,がいこくご,6,{}
神聖,しんせい,6,{}
枠,わく,6,{}
主,おも,6,"{""しゅ"": 2}"
食後,しょくご,6,{}
煮,に,6,{}
真夏,まなつ,6,{}
今夜,こんや,6,{}
無数,むすう,6,{}
荒,あ,6,"{""あら"": 3}"
人工,じんこう,6,{}
幸福,こうふく,6,{}
正午,しょうご,6,{}
攻,せ,6,{}
氷点下,ひょうてんか,6,{}
平,たい,6,"{""ひら"": 2}"
厚手,あつで,6,{}
坊主,ぼうず,6,{}
火事,かじ,6,{}
内側,うちがわ,6,{}
氷河,ひょうが,6,{}
大雨,おおあめ,6,{}
貝,かい,6,{}
一日中,いちにちじゅう,6,{}
出場,しゅつじょう,6,{}
化石,かせき,6,{}
標準,ひょうじゅん,6,{}
最悪,さいあく,6,{}
排水,はいすい,6,{}
麻,あさ,6,{}
崖,がけ,6,{}
技師,ぎし,6,{}
不十分,ふじゅうぶん,6,{}
細工,さいく,6,{}
麦茶,むぎちゃ,6,{}
閉店,へいてん,6,{}
槍,やり,6,{}
鉱物,こうぶつ,6,{}
水道,すいどう,6,{}
宗教的,しゅうきょうてき,6,{}
教訓,きょうくん,6,{}
第一,だいいち,6,{}
割引,わりびき,6,{}
南西,なんせい,6,{}
炭酸水,たんさんすい,6,{}
反則,はんそく,6,{}
大笑,おおわら,6,{}
再利用,さいりよう,6,{}
怪我,けが,6,{}
嗅覚,きゅうかく,6,{}
定,さだ,6,{}
区画,くかく,6,{}
印刷機,いんさつき,6,{}
東部,とうぶ,6,{}
継続,けいぞく,6,{}
離婚,りこん,6,{}
合理的,ごうりてき,6,{}
実業家,じつぎょうか,6,{}
芸術家,げいじゅつか,6,{}
国旗,こっき,6,{}
懐中時計,かいちゅうどけい,6,{}
手本,てほん,6,{}
平野,へいや,6,{}
微笑,ほほえ,6,"{""びしょう"": 1}"
読書感想文,どくしょかんそうぶん,6,{}
王国,おうこく,6,{}
攻撃的,こうげきてき,6,{}
小説家,しょうせつか,6,{}
鍛,きた,6,{}
学園祭,がくえんさい,6,{}
委員長,いいんちょう,6,{}
戸惑,とまど,6,{}
税関,ぜいかん,6,{}
責,せ,6,{}
表現力,ひょうげんりょく,6,{}
無意味,むいみ,6,{}
公演,こうえん,6,{}
当初,とうしょ,6,{}
印象的,いんしょうてき,6,{}
事務員,じむいん,6,{}
南東,なんとう,6,{}
北西,ほくせい,6,{}
気味,きみ,6,{}
県大会,けんたいかい,6,{}
開店前,かいてんまえ,6,{}
対面,たいめん,6,{}
方式,ほうしき,6,{}
展覧会,てんらんかい,6,{}
校内,こうない,6,{}
分離,ぶんり,6,{}
魚介,ぎょかい,6,{}
透,す,6,{}
泡,あわ,6,{}
刈,か,6,{}
柵,さく,6,{}
税金,ぜいきん,6,{}
冷凍,れいとう,6,{}
器具,きぐ,6,{}
叱,しか,6,{}
駒,こま,6,{}
同意,どうい,6,{}
濃,こ,6,{}
蚊,か,6,{}
革靴,かわぐつ,6,{}
地下室,ちかしつ,6,{}
無言,むごん,6,{}
発酵,はっこう,6,{}
鳩,はと,6,{}
紅葉,こうよう,6,{}
現役,げんえき,6,{}
薄手,うすで,6,{}
平等,びょうどう,6,{}
転換,てんかん,6,{}
設置,せっち,6,{}
運命,うんめい,6,{}
係員,かかりいん,6,{}
南部,なんぶ,6,{}
作物,さくもつ,6,{}
畳,たた,6,"{""たたみ"": 2, ""じょう"": 1}"
沖,おき,6,{}
夕立,ゆうだち,6,{}
交互,こうご,6,{}
確定,かくてい,6,{}
参列者,さんれつしゃ,6,{}
受験勉強,じゅけんべんきょう,6,{}
差別,さべつ,6,{}
創造,そうぞう,6,{}
複製,ふくせい,6,{}
深海,しんかい,6,{}
写真家,しゃしんか,6,{}
憎,にく,6,{}
広大,こうだい,6,{}
士,さむらい,6,"{""し"": 2}"
白鳥,はくちょう,6,{}
交通,こうつう,6,{}
整列,せいれつ,6,{}
無口,むくち,6,{}
再生可能,さいせいかのう,6,{}
一文,いちぶん,6,{}
方言,ほうげん,6,{}
水分,すいぶん,6,{}
住宅街,じゅうたくがい,6,{}
処方箋,しょほうせん,6,{}
献立,こんだて,6,{}
経路,けいろ,6,{}
制作,せいさく,6,{}
手段,しゅだん,6,{}
分割,ぶんかつ,6,{}
小鳥,ことり,6,{}
丈夫,じょうぶ,6,{}
割合,わりあい,6,{}
梨,なし,6,{}
熱気,ねっき,6,{}
側面,そくめん,6,{}
古風,こふう,6,{}
送信,そうしん,6,{}
復習,ふくしゅう,6,{}
花嫁,はなよめ,6,{}
為替,かわせ,6,{}
塩分,えんぶん,6,{}
愛好家,あいこうか,6,{}
畑仕事,はたけしごと,6,{}
裏付,うらづ,6,{}
絆,きずな,6,{}
品詞,ひんし,6,{}
電球,でんきゅう,6,{}
足取,あしど,6,{}
到達,とうたつ,6,{}
文書,ぶんしょ,6,{}
店内,てんない,6,{}
留,と,6,"{""とど"": 4}"
演奏家,えんそうか,6,{}
三日,みっか,6,{}
光線,こうせん,6,{}
秩序,ちつじょ,6,{}
寝込,ねこ,6,{}
契約書,けいやくしょ,6,{}
基,もと,6,{}
化粧品,けしょうひん,6,{}
病弱,びょうじゃく,6,{}
防御,ぼうぎょ,6,{}
手早,てばや,6,{}
湿布,しっぷ,6,{}
戦場,せんじょう,6,{}
襲,おそ,6,{}
学習者,がくしゅうしゃ,6,{}
防水,ぼうすい,6,{}
仮説,かせつ,6,{}
装,よそお,6,{}
明白,めいはく,6,{}
空中,くうちゅう,6,{}
遠隔,えんかく,6,{}
参照,さんしょう,6,{}
体系的,たいけいてき,6,{}
自動,じどう,6,{}
包装,ほうそう,6,{}
英作文,えいさくぶん,6,{}
句読点,くとうてん,6,{}
新調,しんちょう,6,{}
喫煙,きつえん,6,{}
改造,かいぞう,6,{}
織,お,6,{}
慣習,かんしゅう,6,{}
探検,たんけん,6,{}
保険,ほけん,6,{}
捧,ささ,6,{}
根本,こんぽん,6,{}
副業,ふくぎょう,6,{}
支出,ししゅつ,6,{}
剤,ざい,6,{}
海洋,かいよう,6,{}
朝礼,ちょうれい,6,{}
惑星,わくせい,6,{}
外来,がいらい,6,{}
世界各地,せかいかくち,6,{}
最適,さいてき,6,{}
現実的,げんじつてき,6,{}
批評家,ひひょうか,6,{}
詐欺,さぎ,6,{}
俗語,ぞくご,6,{}
分裂,ぶんれつ,6,{}
移住,いじゅう,6,{}
演出,えんしゅつ,6,{}
備品,びひん,6,{}
一杯,いっぱい,6,{}
完成品,かんせいひん,6,{}
軽率,けいそつ,6,{}
栄誉,えいよ,6,{}
現状,げんじょう,6,{}
無音,むおん,6,{}
流暢,りゅうちょう,6,{}
説得,せっとく,6,{}
町内,ちょうない,6,{}
半年間,はんとしかん,6,{}
骨折,こっせつ,6,{}
頑固,がんこ,6,{}
傲慢,ごうまん,6,{}
実験室,じっけんしつ,6,{}
促進,そくしん,6,{}
復興,ふっこう,6,{}
急速,きゅうそく,6,{}
出張中,しゅっちょうちゅう,6,{}
初期,しょき,6,{}
輸入業者,ゆにゅうぎょうしゃ,6,{}
事態,じたい,6,{}
達,たっ,6,"{""とおる"": 1}"
掲載,けいさい,6,{}
公然,こうぜん,6,{}
官,かん,6,{}
残業,ざんぎょう,6,{}
司書,ししょ,6,{}
端末,たんまつ,6,{}
改修,かいしゅう,6,{}
後進,こうしん,6,{}
標準的,ひょうじゅんてき,6,{}
基盤,きばん,6,{}
確立,かくりつ,6,{}
物件,ぶっけん,6,{}
施行,しこう,6,{}
引用,いんよう,6,{}
捜査,そうさ,6,{}
新人研修,しんじんけんしゅう,6,{}
本来,ほんらい,6,{}
解消,かいしょう,6,{}
素朴,そぼく,6,{}
高齢化,こうれいか,6,{}
安全性,あんぜんせい,6,{}
詩集,ししゅう,6,{}
実績,じっせき,6,{}
国際会議,こくさいかいぎ,6,{}
拠点,きょてん,6,{}
増設,ぞうせつ,6,{}
境界,きょうかい,6,{}
摘,つ,6,{}
意識的,いしきてき,6,{}
講習,こうしゅう,6,{}
補,おぎな,6,{}
住宅地,じゅうたくち,6,{}
妥当,だとう,6,{}
他,ほか,6,{}
公表,こうひょう,6,{}
的確,てきかく,6,{}
福祉,ふくし,6,{}
未,ひつじ,6,{}
手作業,てさぎょう,6,{}
好調,こうちょう,6,{}
旋律,せんりつ,6,{}
性急,せいきゅう,6,{}
雷鳴,らいめい,6,{}
景観,けいかん,6,{}
農夫,のうふ,6,{}
渋々,しぶしぶ,6,{}
工房,こうぼう,6,{}
匿名,とくめい,6,{}
従順,じゅうじゅん,6,{}
発表者,はっぴょうしゃ,6,{}
膨大,ぼうだい,6,{}
執筆,しっぴつ,6,{}
来館者,らいかんしゃ,6,{}
退,しりぞ,6,{}
報道陣,ほうどうじん,6,{}
雄弁,ゆうべん,6,{}
縛,しば,6,{}
監査,かんさ,6,{}
歩行者,ほこうしゃ,6,{}
着手,ちゃくしゅ,6,{}
明示,めいじ,6,{}
新入社員,しんにゅうしゃいん,6,{}
療法,りょうほう,6,{}
義理,ぎり,6,{}
基本的,きほんてき,5,{}
団結,だんけつ,5,{}
出題,しゅつだい,5,{}
作戦,さくせん,5,{}
獲物,えもの,5,{}
綱,つな,5,{}
意地悪,いじわる,5,{}
詞,し,5,{}
効,き,5,{}
現在形,げんざいけい,5,{}
一番好,いちばんす,5,{}
仕方,しかた,5,{}
敷,し,5,{}
青空,あおぞら,5,{}
両,りょう,5,{}
筆箱,ふでばこ,5,{}
年上,としうえ,5,{}
海水浴,かいすいよく,5,{}
皇帝,こうてい,5,{}
薄暗,うすぐら,5,{}
成人,せいじん,5,{}
風呂,ふろ,5,{}
洗面所,せんめんじょ,5,{}
日本人,にほんじん,5,{}
走者,そうしゃ,5,{}
恒例,こうれい,5,{}
鈴,すず,5,{}
高跳,たかとび,5,{}
駐車,ちゅうしゃ,5,{}
晴天,せいてん,5,{}
一種,いっしゅ,5,{}
車輪,しゃりん,5,{}
新年,しんねん,5,{}
筆,ふで,5,{}
結婚記念日,けっこんきねんび,5,{}
参考書,さんこうしょ,5,{}
人工的,じんこうてき,5,{}
楽譜,がくふ,5,{}
豚,ぶた,5,{}
北欧神話,ほくおうしんわ,5,{}
着物,きもの,5,{}
世界共通,せかいきょうつう,5,{}
入院,にゅういん,5,{}
票,ひょう,5,{}
年越,としこ,5,{}
千,せん,5,{}
夜勤,やきん,5,{}
主語,しゅご,5,{}
尻尾,しっぽ,5,{}
専門書,せんもんしょ,5,{}
便箋,びんせん,5,{}
駐車場,ちゅうしゃじょう,5,{}
境内,けいだい,5,{}
久,ひさ,5,{}
学問,がくもん,5,{}
海沿,うみぞ,5,{}
勝負,しょうぶ,5,{}
調味料,ちょうみりょう,5,{}
両替,りょうがえ,5,{}
一皿,ひとさら,5,{}
園芸,えんげい,5,{}
車庫,しゃこ,5,{}
標識,ひょうしき,5,{}
一望,いちぼう,5,{}
努,つと,5,{}
満月,まんげつ,5,{}
規則正,きそくただ,5,{}
物理的,ぶつりてき,5,{}
栗,くり,5,{}
賞状,しょうじょう,5,{}
年代,ねんだい,5,{}
満杯,まんぱい,5,{}
下回,したまわ,5,{}
一口,ひとくち,5,{}
印鑑,いんかん,5,{}
路線,ろせん,5,{}
墓,はか,5,{}
交番,こうばん,5,{}
三人,さんにん,5,{}
正方形,せいほうけい,5,{}
鶴,つる,5,{}
小声,こごえ,5,{}
火星,かせい,5,{}
展望,てんぼう,5,{}
滑走路,かっそうろ,5,{}
作文,さくぶん,5,{}
図表,ずひょう,5,{}
恐竜,きょうりゅう,5,{}
稲妻,いなづま,5,{}
程度,ていど,5,{}
小規模,しょうきぼ,5,{}
面談,めんだん,5,{}
湧,わ,5,{}
名声,めいせい,5,{}
東南,とうなん,5,{}
外科医,げかい,5,{}
粘土,ねんど,5,{}
輪郭,りんかく,5,{}
返答,へんとう,5,{}
洪水,こうずい,5,{}
全校生徒,ぜんこうせいと,5,{}
宴会,えんかい,5,{}
臨時,りんじ,5,{}
証明書,しょうめいしょ,5,{}
感想文,かんそうぶん,5,{}
不便,ふべん,5,{}
書斎,しょさい,5,{}
忍耐,にんたい,5,{}
旅館,りょかん,5,{}
土産,みやげ,5,{}
石油,せきゆ,5,{}
石碑,せきひ,5,{}
絆創膏,ばんそうこう,5,{}
前後,ぜんご,5,{}
接近,せっきん,5,{}
解釈,かいしゃく,5,{}
将棋,しょうぎ,5,{}
荷造,にづく,5,{}
会計,かいけい,5,{}
通帳,つうちょう,5,{}
悲劇,ひげき,5,{}
伝記,でんき,5,{}
補助,ほじょ,5,{}
有利,ゆうり,5,{}
不調,ふちょう,5,{}
殺,ころ,5,{}
秒針,びょうしん,5,{}
左側,ひだりがわ,5,{}
手荷物,てにもつ,5,{}
親子,おやこ,5,{}
苦痛,くつう,5,{}
漕,こ,5,{}
格別,かくべつ,5,{}
寺院,じいん,5,{}
計量,けいりょう,5,{}
日焼,ひや,5,{}
三日間,みっかかん,5,{}
高層,こうそう,5,{}
一語,いちご,5,{}
時刻表,じこくひょう,5,{}
恋人,こいびと,5,{}
不公平,ふこうへい,5,{}
歯痛,はいた,5,{}
町並,まちな,5,{}
柄,がら,5,{}
後方,こうほう,5,{}
皿洗,さらあら,5,{}
無意識,むいしき,5,{}
戦火,せんか,5,{}
食文化,しょくぶんか,5,{}
再現,さいげん,5,{}
合宿,がっしゅく,5,{}
街並,まちなみ,5,{}
自宅,じたく,5,{}
強盗,ごうとう,5,{}
理想,りそう,5,{}
像,ぞう,5,{}
主催,しゅさい,5,{}
必要性,ひつようせい,5,{}
転倒,てんとう,5,{}
医学,いがく,5,{}
供,そな,5,"{""とも"": 2}"
退職後,たいしょくご,5,{}
茎,くき,5,{}
蓄,たくわ,5,{}
風力,ふうりょく,5,{}
気圧,きあつ,5,{}
声量,せいりょう,5,{}
法廷,ほうてい,5,{}
外交,がいこう,5,{}
朝会,ちょうかい,5,{}
犠牲者,ぎせいしゃ,5,{}
産地,さんち,5,{}
柔道,じゅうどう,5,{}
仕込,しこ,5,{}
結晶,けっしょう,5,{}
競技会,きょうぎかい,5,{}
最低,さいてい,5,{}
性能,せいのう,5,{}
軽快,けいかい,5,{}
安堵,あんど,5,{}
白黒,しろくろ,5,{}
淡,あわ,5,"{""たん"": 2}"
湿気,しっけ,5,{}
停泊,ていはく,5,{}
宇宙船,うちゅうせん,5,{}
列車,れっしゃ,5,{}
鉄棒,てつぼう,5,{}
英語圏,えいごけん,5,{}
昼間,ひるま,5,{}
拍子,ひょうし,5,{}
人間性,にんげんせい,5,{}
鶏肉,とりにく,5,{}
蔵書,ぞうしょ,5,{}
楽屋,がくや,5,{}
水滴,すいてき,5,{}
施錠,せじょう,5,{}
夫,おっと,5,{}
襟,えり,5,{}
対戦相手,たいせんあいて,5,{}
視覚,しかく,5,{}
一滴,いってき,5,{}
魔法使,まほうつか,5,{}
小銭,こぜに,5,{}
合唱団,がっしょうだん,5,{}
応援団,おうえんだん,5,{}
展望台,てんぼうだい,5,{}
盾,たて,5,{}
群衆,ぐんしゅう,5,{}
終了,しゅうりょう,5,{}
黙々,もくもく,5,{}
洗濯機,せんたくき,5,{}
仕掛,しか,5,{}
漁港,ぎょこう,5,{}
掲示,けいじ,5,{}
相棒,あいぼう,5,{}
返信,へんしん,5,{}
熱帯雨林,ねったいうりん,5,{}
宅配,たくはい,5,{}
口笛,くちぶえ,5,{}
代替,だいたい,5,{}
時間割,じかんわり,5,{}
年々,ねんねん,5,{}
答辞,とうじ,5,{}
裂,さ,5,{}
喧騒,けんそう,5,{}
離島,りとう,5,{}
肉眼,にくがん,5,{}
伝説,でんせつ,5,{}
窒素,ちっそ,5,{}
営業担当,えいぎょうたんとう,5,{}
蛇口,じゃぐち,5,{}
多用,たよう,5,{}
街灯,がいとう,5,{}
司会,しかい,5,{}
紳士,しんし,5,{}
母音,ぼいん,5,{}
復元,ふくげん,5,{}
講演会,こうえんかい,5,{}
収集,しゅうしゅう,5,{}
同級生,どうきゅうせい,5,{}
同一,どういつ,5,{}
常連,じょうれん,5,{}
同封,どうふう,5,{}
衣類,いるい,5,{}
表彰,ひょうしょう,5,{}
非公式,ひこうしき,5,{}
実話,じつわ,5,{}
船旅,ふなたび,5,{}
海藻,かいそう,5,{}
非常識,ひじょうしき,5,{}
保育園,ほいくえん,5,{}
標本,ひょうほん,5,{}
施,ほどこ,5,{}
農地,のうち,5,{}
携,たずさ,5,{}
専念,せんねん,5,{}
討論,とうろん,5,{}
政治的,せいじてき,5,{}
発生,はっせい,5,{}
工芸,こうげい,5,{}
評論家,ひょうろんか,5,{}
多数決,たすうけつ,5,{}
国民,こくみん,5,{}
色彩,しきさい,5,{}
牧師,ぼくし,5,{}
点々,てんてん,5,{}
感触,かんしょく,5,{}
代表的,だいひょうてき,5,{}
関節,かんせつ,5,{}
筋肉,きんにく,5,{}
免,まぬか,5,{}
韻,いん,5,{}
分別,ふんべつ,5,{}
原本,げんぽん,5,{}
理念,りねん,5,{}
部下,ぶか,5,{}
索引,さくいん,5,{}
正面,しょうめん,5,{}
支柱,しちゅう,5,{}
香辛料,こうしんりょう,5,{}
添付,てんぷ,5,{}
舗装,ほそう,5,{}
戯曲,ぎきょく,5,{}
結合,けつごう,5,{}
会場全体,かいじょうぜんたい,5,{}
雑草,ざっそう,5,{}
慰,なぐさ,5,{}
金庫,きんこ,5,{}
配線,はいせん,5,{}
完成度,かんせいど,5,{}
批判的,ひはんてき,5,{}
単数,たんすう,5,{}
裾,すそ,5,{}
学業,がくぎょう,5,{}
起動,きどう,5,{}
剣,つるぎ,5,{}
集団,しゅうだん,5,{}
印,いん,5,{}
一筋,ひとすじ,5,{}
二時間,にじかん,5,{}
世俗,せぞく,5,{}
褒美,ほうび,5,{}
斜面,しゃめん,5,{}
聖職者,せいしょくしゃ,5,{}
司教,しきょう,5,{}
何枚,なんまい,5,{}
定期,ていき,5,{}
想,そう,5,"{""おも"": 1}"
恵,めぐ,5,{}
夜行,やこう,5,{}
比喩,ひゆ,5,{}
断念,だんねん,5,{}
拡声器,かくせいき,5,{}
判明,はんめい,5,{}
味方,みかた,5,{}
論理,ろんり,5,{}
告白,こくはく,5,{}
営業時間,えいぎょうじかん,5,{}
裁判,さいばん,5,{}
軍事,ぐんじ,5,{}
家中,いえじゅう,5,{}
持参,じさん,5,{}
繁華街,はんかがい,5,{}
学位,がくい,5,{}
参考文献,さんこうぶんけん,5,{}
客室,きゃくしつ,5,{}
舵,かじ,5,{}
苦悩,くのう,5,{}
捻挫,ねんざ,5,{}
副,ふく,5,{}
心理学,しんりがく,5,{}
生態学,せいたいがく,5,{}
掃,は,5,{}
単元,たんげん,5,{}
図解,ずかい,5,{}
限界,げんかい,5,{}
歯車,はぐるま,5,{}
当然,とうぜん,5,{}
室内,しつない,5,{}
腐,くさ,5,{}
破裂,はれつ,5,{}
対照的,たいしょうてき,5,{}
局面,きょくめん,5,{}
仮定,かてい,5,{}
団,だん,5,{}
穀物,こくもつ,5,{}
素直,すなお,5,{}
合法的,ごうほうてき,5,{}
発注,はっちゅう,5,{}
鮮明,せんめい,5,{}
全身,ぜんしん,5,{}
刺繍,ししゅう,5,{}
補強,ほきょう,5,{}
特権,とっけん,5,{}
入力,にゅうりょく,5,{}
機密,きみつ,5,{}
悲鳴,ひめい,5,{}
家族旅行,かぞくりょこう,5,{}
新郎,しんろう,5,{}
服用,ふくよう,5,{}
議長,ぎちょう,5,{}
家賃,やちん,5,{}
間接的,かんせつてき,5,{}
任意,にんい,5,{}
学歴,がくれき,5,{}
紛,まぎ,5,{}
修道院,しゅうどういん,5,{}
理論,りろん,5,{}
給料,きゅうりょう,5,{}
出版,しゅっぱん,5,{}
一手,いって,5,{}
損失,そんしつ,5,{}
残酷,ざんこく,5,{}
心身,しんしん,5,{}
鎮,しず,5,{}
彗星,すいせい,5,{}
糖分,とうぶん,5,{}
山間,さんかん,5,{}
静止,せいし,5,{}
罪,つみ,5,{}
未定,みてい,5,{}
三年,さんねん,5,{}
強制,きょうせい,5,{}
冷房,れいぼう,5,{}
動脈,どうみゃく,5,{}
静脈,じょうみゃく,5,{}
内装,ないそう,5,{}
条例,じょうれい,5,{}
社会的,しゃかいてき,5,{}
入念,にゅうねん,5,{}
客様,きゃくさま,5,{}
葬儀,そうぎ,5,{}
祭壇,さいだん,5,{}
改変,かいへん,5,{}
部長,ぶちょう,5,{}
有効,ゆうこう,5,{}
愛着,あいちゃく,5,{}
同義,どうぎ,5,{}
面接室,めんせつしつ,5,{}
途,と,5,{}
類,るい,5,{}
測定,そくてい,5,{}
権威,けんい,5,{}
意欲,いよく,5,{}
新郎新婦,しんろうしんぷ,5,{}
寛大,かんだい,5,{}
最大限,さいだいげん,5,{}
糸口,いとぐち,5,{}
負債,ふさい,5,{}
英文法,えいぶんぽう,5,{}
助動詞,じょどうし,5,{}
電気代,でんきだい,5,{}
舞台上,ぶたいじょう,5,{}
急遽,きゅうきょ,5,{}
節電,せつでん,5,{}
減少,げんしょう,5,{}
没頭,ぼっとう,5,{}
平静,へいせい,5,{}
訂正,ていせい,5,{}
化学物質,かがくぶっしつ,5,{}
手応,てごた,5,{}
従属,じゅうぞく,5,{}
戦時,せんじ,5,{}
天気図,てんきず,5,{}
拡散,かくさん,5,{}
昇進,しょうしん,5,{}
物流,ぶつりゅう,5,{}
星々,ほしぼし,5,{}
絡,から,5,{}
石畳,いしだたみ,5,{}
海域,かいいき,5,{}
地区,ちく,5,{}
核,かく,5,{}
携帯,けいたい,5,{}
追求,ついきゅう,5,{}
地中海,ちちゅうかい,5,{}
見据,みす,5,{}
防災訓練,ぼうさいくんれん,5,{}
作成,さくせい,5,{}
撫,な,5,{}
術,じゅつ,5,{}
農作物,のうさくぶつ,5,{}
兆候,ちょうこう,5,{}
亡,な,5,{}
学生時代,がくせいじだい,5,{}
大西洋,たいせいよう,5,{}
依存,いぞん,5,{}
処方,しょほう,5,{}
必須,ひっす,5,{}
反抗,はんこう,5,{}
非,ひ,5,{}
子育,こそだ,5,{}
安価,あんか,5,{}
祭礼,さいれい,5,{}
試合後,しあいご,5,{}
不具合,ふぐあい,5,{}
老舗,しにせ,5,{}
復帰,ふっき,5,{}
民間,みんかん,5,{}
不安定,ふあんてい,5,{}
警備,けいび,5,{}
予選,よせん,5,{}
硬直,こうちょく,5,{}
星空,ほしぞら,5,{}
要求,ようきゅう,5,{}
育成,いくせい,5,{}
景気,けいき,5,{}
出版社,しゅっぱんしゃ,5,{}
通行,つうこう,5,{}
例外的,れいがいてき,5,{}
発掘,はっくつ,5,{}
復活,ふっかつ,5,{}
鷲,わし,5,{}
懸念,けねん,5,{}
望,のぞ,5,{}
偏,かたよ,5,{}
明瞭,めいりょう,5,{}
新人歌手,しんじんかしゅ,5,{}
考古学者,こうこがくしゃ,5,{}
相談窓口,そうだんまどぐち,5,{}
提出期限,ていしゅつきげん,5,{}
棚上,たなあ,5,{}
指導法,しどうほう,5,{}
猛暑,もうしょ,5,{}
徹底的,てっていてき,5,{}
夜間,やかん,5,{}
都市計画,としけいかく,5,{}
再評価,さいひょうか,5,{}
欠点,けってん,5,{}
支持者,しじしゃ,5,{}
動向,どうこう,5,{}
条約,じょうやく,5,{}
現場監督,げんばかんとく,5,{}
著名,ちょめい,5,{}
主義,しゅぎ,5,{}
生涯,しょうがい,5,{}
単一,たんいつ,5,{}
早期,そうき,5,{}
運搬,うんぱん,5,{}
厳密,げんみつ,5,{}
楽観的,らくかんてき,5,{}
騒動,そうどう,5,{}
一般化,いっぱんか,5,{}
重複,ちょうふく,5,{}
傷跡,きずあと,5,{}
嘲笑,ちょうしょう,5,{}
這,は,5,{}
薔薇,ばら,5,{}
編集部,へんしゅうぶ,5,{}
噂,うわさ,5,{}
事務的,じむてき,5,{}
現代社会,げんだいしゃかい,5,{}
腐敗,ふはい,5,{}
臨床,りんしょう,5,{}
据,す,5,{}
文体,ぶんたい,5,{}
通報,つうほう,5,{}
再編,さいへん,5,{}
次年度,じねんど,5,{}
短期間,たんきかん,5,{}
緩和,かんわ,5,{}
意思決定,いしけってい,5,{}
視察,しさつ,5,{}
順調,じゅんちょう,5,{}
無能,むのう,5,{}
判決,はんけつ,5,{}
革命,かくめい,5,{}
実務,じつむ,5,{}
補償,ほしょう,5,{}
派遣,はけん,5,{}
会議室,かいぎしつ,5,{}
感性,かんせい,5,{}
要因,よういん,5,{}
統合,とうごう,5,{}
警戒,けいかい,5,{}
本質的,ほんしつてき,5,{}
出向,でむ,5,{}
法律上,ほうりつじょう,5,{}
形式性,けいしきせい,5,{}
策定,さくてい,5,{}
捕,つか,4,"{""と"": 3, ""とら"": 1}"
勝者,しょうしゃ,4,{}
暖房,だんぼう,4,{}
自分自身,じぶんじしん,4,{}
消防車,しょうぼうしゃ,4,{}
野外,やがい,4,{}
正装,せいそう,4,{}
停,てい,4,"{""と"": 1}"
植物園,しょくぶつえん,4,{}
基準,きじゅん,4,{}
無,な,4,"{""む"": 3}"
断食,だんじき,4,{}
合衆国,がっしゅうこく,4,{}
短距離,たんきょり,4,{}
準備運動,じゅんびうんどう,4,{}
紫,むらさき,4,{}
鬼,おに,4,{}
白身,しろみ,4,{}
洞窟,どうくつ,4,{}
木々,きぎ,4,{}
警告,けいこく,4,{}
弁当箱,べんとうばこ,4,{}
夜食,やしょく,4,{}
対抗,たいこう,4,{}
沸,わ,4,"{""ふつ"": 1}"
開会式,かいかいしき,4,{}
直面,ちょくめん,4,{}
時間目,じかんめ,4,{}
軽々,かるがる,4,{}
投稿,とうこう,4,{}
算数,さんすう,4,{}
年下,としした,4,{}
体験談,たいけんだん,4,{}
冬休,ふゆやす,4,{}
四角,しかく,4,{}
答案,とうあん,4,{}
女,おんな,4,{}
寝坊,ねぼう,4,{}
上空,じょうくう,4,{}
大変,たいへん,4,{}
竹,たけ,4,{}
凧,たこ,4,{}
自販機,じはんき,4,{}
和食,わしょく,4,{}
高熱,こうねつ,4,{}
何千,なんぜん,4,{}
種目,しゅもく,4,{}
吹奏楽部,すいそうがくぶ,4,{}
昼休,ひるやす,4,{}
花屋,はなや,4,{}
懇談会,こんだんかい,4,{}
初詣,はつもうで,4,{}
自己紹介,じこしょうかい,4,{}
男子,だんし,4,{}
女子,じょし,4,{}
無償,むしょう,4,{}
時々,ときどき,4,{}
弦,げん,4,{}
車線,しゃせん,4,{}
叔母,おば,4,{}
主題,しゅだい,4,{}
会社員,かいしゃいん,4,{}
半分以上,はんぶんいじょう,4,{}
類人猿,るいじんえん,4,{}
北部,ほくぶ,4,{}
投手,とうしゅ,4,{}
温泉旅行,おんせんりょこう,4,{}
束,そく,4,"{""たば"": 3}"
成人式,せいじんしき,4,{}
地帯,ちたい,4,{}
工業地帯,こうぎょうちたい,4,{}
両端,りょうたん,4,{}
対岸,たいがん,4,{}
辞,や,4,"{""じ"": 1}"
紙幣,しへい,4,{}
石垣,いしがき,4,{}
調教師,ちょうきょうし,4,{}
遠回,とおまわ,4,{}
署名,しょめい,4,{}
決着,けっちゃく,4,{}
中腹,ちゅうふく,4,{}
一輪,いちりん,4,{}
町全体,まちぜんたい,4,{}
粉々,こなごな,4,{}
懐中電灯,かいちゅうでんとう,4,{}
配給,はいきゅう,4,{}
晩,ばん,4,{}
造,つく,4,"{""づく"": 2}"
前足,まえあし,4,{}
迷路,めいろ,4,{}
飼育員,しいくいん,4,{}
緑茶,りょくちゃ,4,{}
確率,かくりつ,4,{}
新聞記事,しんぶんきじ,4,{}
転校,てんこう,4,{}
主人,しゅじん,4,{}
稜線,りょうせん,4,{}
毛糸,けいと,4,{}
地形,ちけい,4,{}
免許,めんきょ,4,{}
有毒,ゆうどく,4,{}
可愛,かわ,4,{}
青々,あおあお,4,{}
何百,なんびゃく,4,{}
入浴,にゅうよく,4,{}
有料,ゆうりょう,4,{}
浴室,よくしつ,4,{}
女優,じょゆう,4,{}
車掌,しゃしょう,4,{}
偽物,にせもの,4,{}
農場,のうじょう,4,{}
大工,だいく,4,{}
境,さかい,4,{}
家族連,かぞくづ,4,{}
水準,すいじゅん,4,{}
題材,だいざい,4,{}
女性用,じょせいよう,4,{}
増水,ぞうすい,4,{}
縄,なわ,4,{}
鎖,くさり,4,{}
江戸時代,えどじだい,4,{}
東北,とうほく,4,{}
隣人,りんじん,4,{}
漢字,かんじ,4,{}
授業料,じゅぎょうりょう,4,{}
戸棚,とだな,4,{}
船乗,ふなの,4,{}
宇宙飛行士,うちゅうひこうし,4,{}
最中,さいちゅう,4,{}
本場,ほんば,4,{}
火山,かざん,4,{}
救助隊,きゅうじょたい,4,{}
爆発,ばくはつ,4,{}
参道,さんどう,4,{}
喉,のど,4,{}
満員,まんいん,4,{}
海面,かいめん,4,{}
採点,さいてん,4,{}
待合室,まちあいしつ,4,{}
倍以上,ばいいじょう,4,{}
仏壇,ぶつだん,4,{}
記者会見,きしゃかいけん,4,{}
本音,ほんね,4,{}
館内,かんない,4,{}
字幕,じまく,4,{}
大雪,おおゆき,4,{}
全額,ぜんがく,4,{}
喜劇,きげき,4,{}
無線,むせん,4,{}
循環,じゅんかん,4,{}
製造,せいぞう,4,{}
案内係,あんないがかり,4,{}
車道,しゃどう,4,{}
血液型,けつえきがた,4,{}
真実,しんじつ,4,{}
国土,こくど,4,{}
栄養士,えいようし,4,{}
反発,はんぱつ,4,{}
日程,にってい,4,{}
予習,よしゅう,4,{}
扇風機,せんぷうき,4,{}
単語帳,たんごちょう,4,{}
情熱的,じょうねつてき,4,{}
総出,そうで,4,{}
裁判所,さいばんしょ,4,{}
語感,ごかん,4,{}
物置,ものおき,4,{}
管理者,かんりしゃ,4,{}
卓上,たくじょう,4,{}
模型,もけい,4,{}
敷地,しきち,4,{}
搭乗口,とうじょうぐち,4,{}
結束,けっそく,4,{}
明言,めいげん,4,{}
電線,でんせん,4,{}
地中,ちちゅう,4,{}
辺,へん,4,"{""あた"": 2}"
設計者,せっけいしゃ,4,{}
逮捕,たいほ,4,{}
釈放,しゃくほう,4,{}
噴水,ふんすい,4,{}
友情,ゆうじょう,4,{}
雨具,あまぐ,4,{}
出発前,しゅっぱつまえ,4,{}
遺伝,いでん,4,{}
肖像画,しょうぞうが,4,{}
蒸気,じょうき,4,{}
真似,まね,4,{}
根付,ねづ,4,{}
時差,じさ,4,{}
店先,みせさき,4,{}
依頼人,いらいにん,4,{}
弁護,べんご,4,{}
悼,いた,4,{}
見張,みは,4,{}
旅先,たびさき,4,{}
近況,きんきょう,4,{}
小包,こづつみ,4,{}
台本,だいほん,4,{}
堤防,ていぼう,4,{}
卒業証書,そつぎょうしょうしょ,4,{}
科,か,4,{}
満天,まんてん,4,{}
大勢,おおぜい,4,{}
下絵,したえ,4,{}
校,こう,4,{}
頂点,ちょうてん,4,{}
練習試合,れんしゅうじあい,4,{}
映画祭,えいがさい,4,{}
系,けい,4,{}
絹,きぬ,4,{}
即決,そっけつ,4,{}
固体,こたい,4,{}
雪解,ゆきど,4,{}
雌牛,めうし,4,{}
貨物,かもつ,4,{}
裸足,はだし,4,{}
絶妙,ぜつみょう,4,{}
炎症,えんしょう,4,{}
相性,あいしょう,4,{}
愛称,あいしょう,4,{}
最古,さいこ,4,{}
漬,つ,4,{}
陰,いん,4,"{""かげ"": 2}"
半額,はんがく,4,{}
配達員,はいたついん,4,{}
戦士,せんし,4,{}
花粉,かふん,4,{}
当番,とうばん,4,{}
品物,しなもの,4,{}
肺,はい,4,{}
昆虫,こんちゅう,4,{}
勤務,きんむ,4,{}
愛用,あいよう,4,{}
乾杯,かんぱい,4,{}
願望,がんぼう,4,{}
余興,よきょう,4,{}
手品,てじな,4,{}
円盤,えんばん,4,{}
正常,せいじょう,4,{}
灯油,とうゆ,4,{}
朝晩,あさばん,4,{}
救命,きゅうめい,4,{}
余,あま,4,{}
表記,ひょうき,4,{}
逆転劇,ぎゃくてんげき,4,{}
駅員,えきいん,4,{}
新曲,しんきょく,4,{}
作曲家,さっきょくか,4,{}
侮辱,ぶじょく,4,{}
過酷,かこく,4,{}
一節,いっせつ,4,{}
文句,もんく,4,{}
幼児語,ようじご,4,{}
方角,ほうがく,4,{}
神殿,しんでん,4,{}
願書,がんしょ,4,{}
反対側,はんたいがわ,4,{}
予定表,よていひょう,4,{}
支店,してん,4,{}
不器用,ぶきよう,4,{}
宿泊施設,しゅくはくしせつ,4,{}
宿泊,しゅくはく,4,{}
太陽光,たいようこう,4,{}
大半,たいはん,4,{}
目印,めじるし,4,{}
補給,ほきゅう,4,{}
郊外,こうがい,4,{}
数日,すうじつ,4,{}
暗算,あんざん,4,{}
宝庫,ほうこ,4,{}
不可欠,ふかけつ,4,{}
大豆,だいず,4,{}
観光船,かんこうせん,4,{}
小麦,こむぎ,4,{}
見方,みかた,4,{}
推定,すいてい,4,{}
建造物,けんぞうぶつ,4,{}
新発売,しんはつばい,4,{}
知事,ちじ,4,{}
避難訓練,ひなんくんれん,4,{}
犯罪,はんざい,4,{}
注意書,ちゅういが,4,{}
帳,ちょう,4,{}
創業,そうぎょう,4,{}
田植,たう,4,{}
林業,りんぎょう,4,{}
劇的,げきてき,4,{}
未知,みち,4,{}
枕元,まくらもと,4,{}
上位,じょうい,4,{}
信号機,しんごうき,4,{}
新生児,しんせいじ,4,{}
跡,あと,4,{}
開催,かいさい,4,{}
所属,しょぞく,4,{}
町中,まちじゅう,4,{}
実在,じつざい,4,{}
飢,う,4,{}
勤務先,きんむさき,4,{}
判事,はんじ,4,{}
送料,そうりょう,4,{}
同窓会,どうそうかい,4,{}
津波,つなみ,4,{}
顔見知,かおみし,4,{}
風速,ふうそく,4,{}
効率的,こうりつてき,4,{}
敬具,けいぐ,4,{}
様,さま,4,{}
紛争,ふんそう,4,{}
編集長,へんしゅうちょう,4,{}
北東,ほくとう,4,{}
研究所,けんきゅうしょ,4,{}
支配,しはい,4,{}
掃除機,そうじき,4,{}
展,てん,4,{}
天使,てんし,4,{}
粉末,ふんまつ,4,{}
唐辛子,とうがらし,4,{}
害,がい,4,{}
迫力,はくりょく,4,{}
衣服,いふく,4,{}
対処,たいしょ,4,{}
印刷所,いんさつしょ,4,{}
下書,したが,4,{}
怠,なま,4,"{""おこた"": 2}"
全然,ぜんぜん,4,{}
招待客,しょうたいきゃく,4,{}
反,はん,4,{}
肝臓,かんぞう,4,{}
時速,じそく,4,{}
開花,かいか,4,{}
論,ろん,4,{}
未婚,みこん,4,{}
落書,らくが,4,{}
幼少期,ようしょうき,4,{}
脚立,きゃたつ,4,{}
不良品,ふりょうひん,4,{}
重宝,ちょうほう,4,{}
満足感,まんぞくかん,4,{}
接頭辞,せっとうじ,4,{}
風味,ふうみ,4,{}
削,けず,4,{}
推薦状,すいせんじょう,4,{}
区域,くいき,4,{}
廃止,はいし,4,{}
小道,こみち,4,{}
見舞,みまい,4,"{""みま"": 2}"
舞台袖,ぶたいそで,4,{}
倒産,とうさん,4,{}
薬物,やくぶつ,4,{}
主流,しゅりゅう,4,{}
食生活,しょくせいかつ,4,{}
大聖堂,だいせいどう,4,{}
隅々,すみずみ,4,{}
盆地,ぼんち,4,{}
統計,とうけい,4,{}
誘惑,ゆうわく,4,{}
特殊,とくしゅ,4,{}
健康的,けんこうてき,4,{}
懸命,けんめい,4,{}
成長期,せいちょうき,4,{}
川辺,かわべ,4,{}
最小,さいしょう,4,{}
前者,ぜんしゃ,4,{}
三週間,さんしゅうかん,4,{}
隔,へだ,4,{}
手動,しゅどう,4,{}
粗野,そや,4,{}
観光案内,かんこうあんない,4,{}
窮屈,きゅうくつ,4,{}
研,と,4,{}
部隊,ぶたい,4,{}
練習量,れんしゅうりょう,4,{}
仲介,ちゅうかい,4,{}
頭部,とうぶ,4,{}
分子,ぶんし,4,{}
絶景,ぜっけい,4,{}
調和,ちょうわ,4,{}
口論,こうろん,4,{}
海軍,かいぐん,4,{}
本質,ほんしつ,4,{}
聴覚,ちょうかく,4,{}
解約,かいやく,4,{}
時折,ときおり,4,{}
象徴的,しょうちょうてき,4,{}
家族会議,かぞくかいぎ,4,{}
名物,めいぶつ,4,{}
冴,さ,4,{}
心配事,しんぱいごと,4,{}
野球選手,やきゅうせんしゅ,4,{}
新聞記者,しんぶんきしゃ,4,{}
球場,きゅうじょう,4,{}
観点,かんてん,4,{}
遠慮,えんりょ,4,{}
疑問,ぎもん,4,{}
繁殖,はんしょく,4,{}
傍聴,ぼうちょう,4,{}
意志,いし,4,{}
堅,かた,4,{}
前年,ぜんねん,4,{}
数量,すうりょう,4,{}
即興,そっきょう,4,{}
山奥,やまおく,4,{}
物理学,ぶつりがく,4,{}
所得税,しょとくぜい,4,{}
暗号化,あんごうか,4,{}
火花,ひばな,4,{}
鍛冶屋,かじや,4,{}
全国的,ぜんこくてき,4,{}
推移,すいい,4,{}
繁忙期,はんぼうき,4,{}
貨物船,かもつせん,4,{}
不注意,ふちゅうい,4,{}
手提,てさげ,4,{}
脂質,ししつ,4,{}
病,びょう,4,"{""や"": 1}"
待機,たいき,4,{}
危機,きき,4,{}
卒業後,そつぎょうご,4,{}
劣,おと,4,{}
抗,こう,4,{}
革新,かくしん,4,{}
漬物,つけもの,4,{}
画,が,4,{}
几帳面,きちょうめん,4,{}
墓地,ぼち,4,{}
人間味,にんげんみ,4,{}
戦略的,せんりゃくてき,4,{}
独身,どくしん,4,{}
万引,まんび,4,{}
盛大,せいだい,4,{}
統一,とういつ,4,{}
不在,ふざい,4,{}
適応,てきおう,4,{}
無知,むち,4,{}
雨音,あまおと,4,{}
実技,じつぎ,4,{}
米語,べいご,4,{}
衛星,えいせい,4,{}
異国,いこく,4,{}
厳粛,げんしゅく,4,{}
経験不足,けいけんぶそく,4,{}
指揮官,しきかん,4,{}
首相,しゅしょう,4,{}
新入部員,しんにゅうぶいん,4,{}
非難,ひなん,4,{}
配送,はいそう,4,{}
真摯,しんし,4,{}
具合,ぐあい,4,{}
認識,にんしき,4,{}
破損,はそん,4,{}
啓発,けいはつ,4,{}
無防備,むぼうび,4,{}
脅,おど,4,"{""きょう"": 1}"
苔,こけ,4,{}
材,ざい,4,{}
怠慢,たいまん,4,{}
献身,けんしん,4,{}
農村,のうそん,4,{}
何気,なにげ,4,{}
接続詞,せつぞくし,4,{}
消防士,しょうぼうし,4,{}
登山家,とざんか,4,{}
化合物,かごうぶつ,4,{}
有益,ゆうえき,4,{}
石炭,せきたん,4,{}
有害,ゆうがい,4,{}
予兆,よちょう,4,{}
消滅,しょうめつ,4,{}
放任,ほうにん,4,{}
町外,まちはず,4,{}
別室,べっしつ,4,{}
表面的,ひょうめんてき,4,{}
手間,てま,4,{}
健闘,けんとう,4,{}
区分,くぶん,4,{}
改善案,かいぜんあん,4,{}
瞑想,めいそう,4,{}
確実性,かくじつせい,4,{}
悲惨,ひさん,4,{}
機械化,きかいか,4,{}
販売員,はんばいいん,4,{}
大会前,たいかいまえ,4,{}
代理,だいり,4,{}
派,は,4,{}
客観的,きゃっかんてき,4,{}
好機,こうき,4,{}
告知,こくち,4,{}
除外,じょがい,4,{}
黒字,くろじ,4,{}
庭園,ていえん,4,{}
振動,しんどう,4,{}
栄養素,えいようそ,4,{}
工,こう,4,{}
試作,しさく,4,{}
作業効率,さぎょうこうりつ,4,{}
熱意,ねつい,4,{}
翌年,よくねん,4,{}
寛容,かんよう,4,{}
偏見,へんけん,4,{}
協会,きょうかい,4,{}
公共施設,こうきょうしせつ,4,{}
構図,こうず,4,{}
著,いちじる,4,{}
評議会,ひょうぎかい,4,{}
民家,みんか,4,{}
震災,しんさい,4,{}
独学,どくがく,4,{}
精神的,せいしんてき,4,{}
誤差,ごさ,4,{}
期間内,きかんない,4,{}
十年後,じゅうねんご,4,{}
資産,しさん,4,{}
一票,いっぴょう,4,{}
管制官,かんせいかん,4,{}
天体観測,てんたいかんそく,4,{}
到来,とうらい,4,{}
原動力,げんどうりょく,4,{}
保安官,ほあんかん,4,{}
雑音,ざつおん,4,{}
中途半端,ちゅうとはんぱ,4,{}
国際交流,こくさいこうりゅう,4,{}
仕様,しよう,4,{}
増刷,ぞうさつ,4,{}
拘束,こうそく,4,{}
行政,ぎょうせい,4,{}
告発,こくはつ,4,{}
失業,しつぎょう,4,{}
議事録,ぎじろく,4,{}
国際大会,こくさいたいかい,4,{}
失敗談,しっぱいだん,4,{}
豊作,ほうさく,4,{}
実験的,じっけんてき,4,{}
国際機関,こくさいきかん,4,{}
巡回,じゅんかい,4,{}
無価値,むかち,4,{}
街頭演説,がいとうえんぜつ,4,{}
会員,かいいん,4,{}
退会,たいかい,4,{}
後天的,こうてんてき,4,{}
手口,てぐち,4,{}
古参,こさん,4,{}
破談,はだん,4,{}
三十,さんじゅう,4,{}
命綱,いのちづな,4,{}
現象,げんしょう,4,{}
国際学会,こくさいがっかい,4,{}
出張先,しゅっちょうさき,4,{}
記述,きじゅつ,4,{}
経済学者,けいざいがくしゃ,4,{}
全体像,ぜんたいぞう,4,{}
専門医,せんもんい,4,{}
高揚,こうよう,4,{}
若手作家,わかてさっか,4,{}
両家,りょうけ,4,{}
隊員,たいいん,4,{}
防寒具,ぼうかんぐ,4,{}
一方的,いっぽうてき,4,{}
短気,たんき,4,{}
支度,したく,4,{}
理性的,りせいてき,4,{}
合格通知,ごうかくつうち,4,{}
代用,だいよう,4,{}
栽培,さいばい,4,{}
実力,じつりょく,4,{}
通勤者,つうきんしゃ,4,{}
仕立,した,4,{}
難題,なんだい,4,{}
古文書,こもんじょ,4,{}
当惑,とうわく,4,{}
交通費,こうつうひ,4,{}
肉体的,にくたいてき,4,{}
経営側,けいえいがわ,4,{}
悲観的,ひかんてき,4,{}
封鎖,ふうさ,4,{}
気弱,きよわ,4,{}
労働組合,ろうどうくみあい,4,{}
郵送,ゆうそう,4,{}
値段不明,ねだんふめい,4,{}
学術,がくじゅつ,4,{}
数分,すうふん,4,{}
視聴,しちょう,4,{}
制御,せいぎょ,4,{}
新制度,しんせいど,4,{}
移行,いこう,4,{}
多角的,たかくてき,4,{}
実証,じっしょう,4,{}
若手選手,わかてせんしゅ,4,{}
引退後,いんたいご,4,{}
脱落,だつらく,4,{}
建設的,けんせつてき,4,{}
無計画,むけいかく,4,{}
根絶,こんぜつ,4,{}
被災者,ひさいしゃ,4,{}
謝辞,しゃじ,4,{}
不誠実,ふせいじつ,4,{}
船員,せんいん,4,{}
排水溝,はいすいこう,4,{}
互換性,ごかんせい,4,{}
後世,こうせい,4,{}
粗,あら,4,{}
新築,しんちく,4,{}
居心地,いごこち,4,{}
丹念,たんねん,4,{}
迂回,うかい,4,{}
軽微,けいび,4,{}
規制,きせい,4,{}
印象派,いんしょうは,4,{}
被写体,ひしゃたい,4,{}
塗料,とりょう,4,{}
比喩的,ひゆてき,4,{}
発熱,はつねつ,4,{}
発汗,はっかん,4,{}
構想,こうそう,4,{}
退化,たいか,4,{}
潮風,しおかぜ,4,{}
成熟,せいじゅく,4,{}
協働,きょうどう,4,{}
尊厳,そんげん,4,{}
中傷,ちゅうしょう,4,{}
粗末,そまつ,4,{}
副次的,ふくじてき,4,{}
海外赴任,かいがいふにん,4,{}
士気,しき,4,{}
所作,しょさ,4,{}
発揮,はっき,4,{}
負荷,ふか,4,{}
分散,ぶんさん,4,{}
好意的,こういてき,4,{}
過度,かど,4,{}
綿密,めんみつ,4,{}
第二,だいに,4,{}
民営化,みんえいか,4,{}
運行,うんこう,4,{}
当事者,とうじしゃ,4,{}
幼少,ようしょう,4,{}
実行,じっこう,4,{}
格段,かくだん,4,{}
客人,きゃくじん,4,{}
推論,すいろん,4,{}
捏造,ねつぞう,4,{}
運用,うんよう,4,{}
即断,そくだん,4,{}
伝統工芸,でんとうこうげい,4,{}
炭素,たんそ,4,{}
第一歩,だいいっぽ,4,{}
細分化,さいぶんか,4,{}
一時,いちじ,4,{}
副産物,ふくさんぶつ,4,{}
前年比,ぜんねんひ,4,{}
枠組,わくぐ,4,{}
破産,はさん,4,{}
会見,かいけん,4,{}
模索,もさく,4,{}
中小企業,ちゅうしょうきぎょう,4,{}
市民団体,しみんだんたい,4,{}
不当,ふとう,4,{}
閉鎖的,へいさてき,4,{}
住居,じゅうきょ,4,{}
意匠,いしょう,4,{}
投入,とうにゅう,4,{}
第三者,だいさんしゃ,4,{}
検討会,けんとうかい,4,{}
報道機関,ほうどうきかん,4,{}
合成,ごうせい,4,{}
赤字,あかじ,4,{}
貧血,ひんけつ,4,{}
地域限定,ちいきげんてい,4,{}
従来,じゅうらい,4,{}
改善策,かいぜんさく,4,{}
診療,しんりょう,4,{}
退席,たいせき,4,{}
多彩,たさい,4,{}
長期計画,ちょうきけいかく,4,{}
信頼性,しんらいせい,4,{}
近代化,きんだいか,4,{}
脇,わき,3,{}
小遣,こづか,3,{}
暦,こよみ,3,{}
代名詞,だいめいし,3,{}
頑張,がんば,3,{}
紺,こん,3,{}
手前,てまえ,3,{}
総称,そうしょう,3,{}
散髪,さんぱつ,3,{}
石鹸,せっけん,3,{}
八百屋,やおや,3,{}
出入口,でいりぐち,3,{}
鶏,にわとり,3,{}
目玉焼,めだまやき,3,{}
強風,きょうふう,3,{}
上下,じょうげ,3,{}
虫歯,むしば,3,{}
野球部,やきゅうぶ,3,{}
哺乳類,ほにゅうるい,3,{}
文脈,ぶんみゃく,3,{}
大国,たいこく,3,{}
徒,と,3,{}
空席,くうせき,3,{}
肯定,こうてい,3,{}
髪型,かみがた,3,{}
着替,きが,3,{}
計算問題,けいさんもんだい,3,{}
坂,さか,3,{}
老人,ろうじん,3,{}
梅,うめ,3,{}
戦争中,せんそうちゅう,3,{}
画用紙,がようし,3,{}
小麦粉,こむぎこ,3,{}
絶好,ぜっこう,3,{}
仏教,ぶっきょう,3,{}
目盛,めも,3,{}
等間隔,とうかんかく,3,{}
一周,いっしゅう,3,{}
平面,へいめん,3,{}
平成,へいせい,3,{}
令和,れいわ,3,{}
転勤,てんきん,3,{}
大阪,おおさか,3,{}
大都市,だいとし,3,{}
旧暦,きゅうれき,3,{}
木曜日,もくようび,3,{}
水曜日,すいようび,3,{}
統治,とうち,3,{}
茶道,さどう,3,{}
男女,だんじょ,3,{}
管,かん,3,{}
横向,よこむき,3,{}
日数,にっすう,3,{}
早口,はやくち,3,{}
最寄,もよ,3,{}
線路,せんろ,3,{}
正社員,せいしゃいん,3,{}
弦楽器,げんがっき,3,{}
観,み,3,"{""かん"": 1}"
夜更,よふ,3,{}
韓国語,かんこくご,3,{}
手話,しゅわ,3,{}
視覚的,しかくてき,3,{}
葬式,そうしき,3,{}
叔父,おじ,3,{}
綱引,つなひき,3,{}
主菜,しゅさい,3,{}
夜道,よみち,3,{}
右上,みぎうえ,3,{}
何日,なんにち,3,{}
植木鉢,うえきばち,3,{}
亀,かめ,3,{}
大気圏,たいきけん,3,{}
海底,かいてい,3,{}
延長戦,えんちょうせん,3,{}
放題,ほうだい,3,{}
雪玉,ゆきだま,3,{}
人気者,にんきもの,3,{}
破片,はへん,3,{}
根元,ねもと,3,{}
力強,ちからづよ,3,{}
大陸,たいりく,3,{}
書道,しょどう,3,{}
奇跡,きせき,3,{}
防寒,ぼうかん,3,{}
潜,もぐ,3,"{""ひそ"": 3}"
急須,きゅうす,3,{}
暇,ひま,3,{}
壁掛,かべか,3,{}
昔話,むかしばなし,3,{}
現像,げんぞう,3,{}
三脚,さんきゃく,3,{}
下手,へた,3,{}
早起,はやお,3,{}
襟元,えりもと,3,{}
以内,いない,3,{}
重機,じゅうき,3,{}
賞品,しょうひん,3,{}
科学館,かがくかん,3,{}
鑑定,かんてい,3,{}
大騒,おおさわ,3,{}
機内,きない,3,{}
自由時間,じゆうじかん,3,{}
予約制,よやくせい,3,{}
水位,すいい,3,{}
軒,けん,3,{}
油絵,あぶらえ,3,{}
流儀,りゅうぎ,3,{}
先祖,せんぞ,3,{}
補足,ほそく,3,{}
学費,がくひ,3,{}
計,けい,3,"{""はか"": 3}"
課,か,3,{}
就職活動,しゅうしょくかつどう,3,{}
飼育,しいく,3,{}
警察署,けいさつしょ,3,{}
見返,みかえ,3,{}
圧力鍋,あつりょくなべ,3,{}
鉢植,はちうえ,3,{}
発電所,はつでんしょ,3,{}
送電線,そうでんせん,3,{}
泡立,あわだ,3,{}
牙,きば,3,{}
滞在,たいざい,3,{}
隣町,となりまち,3,{}
消防,しょうぼう,3,{}
博士,はかせ,3,{}
地球温暖化,ちきゅうおんだんか,3,{}
上昇,じょうしょう,3,{}
技能,ぎのう,3,{}
入院中,にゅういんちゅう,3,{}
軍隊,ぐんたい,3,{}
一員,いちいん,3,{}
上映,じょうえい,3,{}
意思,いし,3,{}
意味不明,いみふめい,3,{}
天文,てんもん,3,{}
前半,ぜんはん,3,{}
各家庭,かくかてい,3,{}
作品全体,さくひんぜんたい,3,{}
指揮,しき,3,{}
運休,うんきゅう,3,{}
動揺,どうよう,3,{}
対等,たいとう,3,{}
商品券,しょうひんけん,3,{}
軒先,のきさき,3,{}
随筆,ずいひつ,3,{}
剥,は,3,"{""む"": 1}"
焼却,しょうきゃく,3,{}
尻,しり,3,{}
遊具,ゆうぐ,3,{}
添乗員,てんじょういん,3,{}
農薬,のうやく,3,{}
五感,ごかん,3,{}
偽,いつわ,3,"{""にせ"": 2}"
監視員,かんしいん,3,{}
口癖,くちぐせ,3,{}
別世界,べっせかい,3,{}
個展,こてん,3,{}
選抜,せんばつ,3,{}
候補,こうほ,3,{}
完走,かんそう,3,{}
画質,がしつ,3,{}
腕前,うでまえ,3,{}
略語,りゃくご,3,{}
山脈,さんみゃく,3,{}
敗,やぶ,3,{}
合戦,かっせん,3,{}
温室,おんしつ,3,{}
眼鏡,めがね,3,{}
風習,ふうしゅう,3,{}
肘,ひじ,3,{}
作法,さほう,3,{}
数人,すうにん,3,{}
塀,へい,3,{}
羽根,はね,3,{}
勘,かん,3,{}
帰国,きこく,3,{}
痛感,つうかん,3,{}
行進,こうしん,3,{}
筋力,きんりょく,3,{}
目撃,もくげき,3,{}
追跡,ついせき,3,{}
否定的,ひていてき,3,{}
名門,めいもん,3,{}
演劇部,えんげきぶ,3,{}
克服,こくふく,3,{}
文通,ぶんつう,3,{}
好物,こうぶつ,3,{}
数回,すうかい,3,{}
冬眠,とうみん,3,{}
終止符,しゅうしふ,3,{}
世界最大,せかいさいだい,3,{}
支援者,しえんしゃ,3,{}
無実,むじつ,3,{}
集中的,しゅうちゅうてき,3,{}
優勝候補,ゆうしょうこうほ,3,{}
作曲,さっきょく,3,{}
労,ろう,3,"{""ねぎら"": 2}"
抽選会,ちゅうせんかい,3,{}
総立,そうだ,3,{}
河川敷,かせんじき,3,{}
弁論大会,べんろんたいかい,3,{}
宮殿,きゅうでん,3,{}
教授,きょうじゅ,3,{}
自由行動,じゆうこうどう,3,{}
市内,しない,3,{}
魔女,まじょ,3,{}
教頭,きょうとう,3,{}
斑点,はんてん,3,{}
旬,じゅん,3,{}
全体的,ぜんたいてき,3,{}
終了後,しゅうりょうご,3,{}
創,つく,3,{}
記憶力,きおくりょく,3,{}
後回,あとまわ,3,{}
交流会,こうりゅうかい,3,{}
意思疎通,いしそつう,3,{}
着地,ちゃくち,3,{}
甲,かぶと,3,"{""こう"": 1}"
餅,もち,3,{}
羊毛,ようもう,3,{}
値札,ねふだ,3,{}
犬種,けんしゅ,3,{}
成,な,3,{}
豆腐,とうふ,3,{}
乳,ちち,3,{}
上履,うわば,3,{}
食感,しょっかん,3,{}
風呂上,ふろあ,3,{}
軽油,けいゆ,3,{}
顔色,かおいろ,3,{}
仕切,しき,3,{}
薄切,うすぎ,3,{}
調理法,ちょうりほう,3,{}
爽快,そうかい,3,{}
四角形,しかくけい,3,{}
朝市,あさいち,3,{}
手拍子,てびょうし,3,{}
道具箱,どうぐばこ,3,{}
有袋類,ゆうたいるい,3,{}
育児,いくじ,3,{}
平気,へいき,3,{}
蜜,みつ,3,{}
合成語,ごうせいご,3,{}
長方形,ちょうほうけい,3,{}
返事,へんじ,3,{}
塩辛,しおから,3,{}
一束,ひとたば,3,{}
砂丘,さきゅう,3,{}
開館,かいかん,3,{}
開演前,かいえんまえ,3,{}
長椅子,ながいす,3,{}
座布団,ざぶとん,3,{}
地図帳,ちずちょう,3,{}
熟成,じゅくせい,3,{}
銃,じゅう,3,{}
独唱,どくしょう,3,{}
妻,つま,3,{}
眉,まゆ,3,{}
杉,すぎ,3,{}
松,まつ,3,{}
道端,みちばた,3,{}
杖,つえ,3,{}
大文字,おおもじ,3,{}
経由,けいゆ,3,{}
酸味,さんみ,3,{}
曲芸,きょくげい,3,{}
綱渡,つなわた,3,{}
暗号,あんごう,3,{}
募金,ぼきん,3,{}
忍,しの,3,"{""にん"": 1}"
不平,ふへい,3,{}
羽織,はおり,3,"{""はお"": 1}"
収納,しゅうのう,3,{}
下駄箱,げたばこ,3,{}
世,よ,3,{}
彫刻家,ちょうこくか,3,{}
段差,だんさ,3,{}
傾斜,けいしゃ,3,{}
飴,あめ,3,{}
年配,ねんぱい,3,{}
校歌,こうか,3,{}
南米,なんべい,3,{}
月光,げっこう,3,{}
孤児,こじ,3,{}
仕,つか,3,"{""し"": 2}"
修道士,しゅうどうし,3,{}
矢,や,3,{}
路面電車,ろめんでんしゃ,3,{}
転校先,てんこうさき,3,{}
面倒,めんどう,3,{}
西部,せいぶ,3,{}
水鳥,みずとり,3,{}
茂,しげ,3,{}
尾根,おね,3,{}
石造,いしづく,3,{}
帝国,ていこく,3,{}
中心地,ちゅうしんち,3,{}
王女,おうじょ,3,{}
王様,おうさま,3,{}
王子,おうじ,3,{}
弧,こ,3,{}
筆談,ひつだん,3,{}
遠隔操作,えんかくそうさ,3,{}
具,ぐ,3,"{""つぶさ"": 2}"
王族,おうぞく,3,{}
城壁,じょうへき,3,{}
北極,ほっきょく,3,{}
塩味,しおあじ,3,{}
予感,よかん,3,{}
礼拝,れいはい,3,{}
題名,だいめい,3,{}
国立公園,こくりつこうえん,3,{}
三輪車,さんりんしゃ,3,{}
登山道,とざんどう,3,{}
賛美歌,さんびか,3,{}
機長,きちょう,3,{}
勤,つと,3,{}
王冠,おうかん,3,{}
甘酸,あまず,3,{}
洋館,ようかん,3,{}
盆栽,ぼんさい,3,{}
板状,いたじょう,3,{}
料理長,りょうりちょう,3,{}
材料費,ざいりょうひ,3,{}
集計,しゅうけい,3,{}
山火事,やまかじ,3,{}
出身,しゅっしん,3,{}
七面鳥,しちめんちょう,3,{}
追試,ついし,3,{}
出荷,しゅっか,3,{}
生産者,せいさんしゃ,3,{}
消費,しょうひ,3,{}
出身地,しゅっしんち,3,{}
化粧水,けしょうすい,3,{}
炎天下,えんてんか,3,{}
日陰,ひかげ,3,{}
双眼鏡,そうがんきょう,3,{}
最優秀,さいゆうしゅう,3,{}
火災報知器,かさいほうちき,3,{}
換気扇,かんきせん,3,{}
号,ごう,3,{}
分厚,ぶあつ,3,{}
誌,し,3,{}
地平線,ちへいせん,3,{}
織物,おりもの,3,{}
水中,すいちゅう,3,{}
営利,えいり,3,{}
浴槽,よくそう,3,{}
警戒心,けいかいしん,3,{}
役割分担,やくわりぶんたん,3,{}
無制限,むせいげん,3,{}
桟橋,さんばし,3,{}
想像力,そうぞうりょく,3,{}
道徳,どうとく,3,{}
絶望的,ぜつぼうてき,3,{}
十字,じゅうじ,3,{}
槽,そう,3,{}
頭上,ずじょう,3,{}
非常口,ひじょうぐち,3,{}
緊急事態,きんきゅうじたい,3,{}
一覧,いちらん,3,{}
下級生,かきゅうせい,3,{}
道中,どうちゅう,3,{}
定食,ていしょく,3,{}
代々,だいだい,3,{}
満喫,まんきつ,3,{}
束縛,そくばく,3,{}
鼻歌,はなうた,3,{}
不動産屋,ふどうさんや,3,{}
民族,みんぞく,3,{}
流木,りゅうぼく,3,{}
分詞,ぶんし,3,{}
旧友,きゅうゆう,3,{}
骨格,こっかく,3,{}
農園,のうえん,3,{}
地域社会,ちいきしゃかい,3,{}
発行,はっこう,3,{}
保険証,ほけんしょう,3,{}
海賊,かいぞく,3,{}
母語話者,ぼごわしゃ,3,{}
人形,にんぎょう,3,{}
男,おとこ,3,{}
感銘,かんめい,3,{}
彫,ほ,3,{}
立体,りったい,3,{}
年賀状,ねんがじょう,3,{}
写真集,しゃしんしゅう,3,{}
日誌,にっし,3,{}
運転席,うんてんせき,3,{}
各党,かくとう,3,{}
本土,ほんど,3,{}
発電,はつでん,3,{}
交通手段,こうつうしゅだん,3,{}
危惧,きぐ,3,{}
放流,ほうりゅう,3,{}
民主主義,みんしゅしゅぎ,3,{}
路線図,ろせんず,3,{}
入居,にゅうきょ,3,{}
片,かた,3,{}
声色,こわいろ,3,{}
移民,いみん,3,{}
先住民,せんじゅうみん,3,{}
常備,じょうび,3,{}
脂肪,しぼう,3,{}
雷雲,らいうん,3,{}
小石,こいし,3,{}
開始日,かいしび,3,{}
物質,ぶっしつ,3,{}
雄牛,おうし,3,{}
燻製,くんせい,3,{}
探偵,たんてい,3,{}
演奏者,えんそうしゃ,3,{}
昼寝,ひるね,3,{}
大木,たいぼく,3,{}
項目,こうもく,3,{}
白髪,しらが,3,{}
庭先,にわさき,3,{}
色分,いろわ,3,{}
誤字,ごじ,3,{}
一粒,ひとつぶ,3,{}
礁,しょう,3,{}
包装紙,ほうそうし,3,{}
名探偵,めいたんてい,3,{}
首筋,くびすじ,3,{}
血流,けつりゅう,3,{}
野獣,やじゅう,3,{}
純白,じゅんぱく,3,{}
花婿,はなむこ,3,{}
節水,せっすい,3,{}
血,ち,3,{}
高度,こうど,3,{}
芸人,げいにん,3,{}
既婚,きこん,3,{}
断絶,だんぜつ,3,{}
緑色,りょくしょく,3,{}
賭,か,3,{}
加減,かげん,3,{}
三,みっ,3,"{""さん"": 1}"
村人,むらびと,3,{}
証,しょう,3,{}
大多数,だいたすう,3,{}
斬新,ざんしん,3,{}
即席,そくせき,3,{}
鼓動,こどう,3,{}
出産,しゅっさん,3,{}
首輪,くびわ,3,{}
天国,てんごく,3,{}
地獄,じごく,3,{}
一通,いっつう,3,{}
真珠,しんじゅ,3,{}
履歴書,りれきしょ,3,{}
芽生,めば,3,{}
奴隷,どれい,3,{}
処分,しょぶん,3,{}
素振,そぶ,3,{}
幾重,いくえ,3,{}
白菜,はくさい,3,{}
父親,ちちおや,3,{}
学童,がくどう,3,{}
厳重,げんじゅう,3,{}
散策,さんさく,3,{}
定員,ていいん,3,{}
現代美術,げんだいびじゅつ,3,{}
国会,こっかい,3,{}
容量,ようりょう,3,{}
抑揚,よくよう,3,{}
鉄骨,てっこつ,3,{}
刺激的,しげきてき,3,{}
理不尽,りふじん,3,{}
大丈夫,だいじょうぶ,3,{}
留学先,りゅうがくさき,3,{}
巨人,きょじん,3,{}
天体望遠鏡,てんたいぼうえんきょう,3,{}
苗,なえ,3,{}
出現,しゅつげん,3,{}
岸辺,きしべ,3,{}
茶碗,ちゃわん,3,{}
数週間,すうしゅうかん,3,{}
脱線,だっせん,3,{}
携帯電話,けいたいでんわ,3,{}
愚,おろ,3,{}
休戦,きゅうせん,3,{}
長持,ながも,3,{}
概要,がいよう,3,{}
身分証,みぶんしょう,3,{}
気遣,きづか,3,{}
呪,のろ,3,{}
潜水,せんすい,3,{}
体型,たいけい,3,{}
清流,せいりゅう,3,{}
真新,まあたら,3,{}
雛,ひな,3,{}
終電,しゅうでん,3,{}
軌道,きどう,3,{}
太字,ふとじ,3,{}
魚屋,さかなや,3,{}
潮干狩,しおひがり,3,{}
美徳,びとく,3,{}
悪徳,あくとく,3,{}
感嘆符,かんたんふ,3,{}
疑問符,ぎもんふ,3,{}
哲学,てつがく,3,{}
食器棚,しょっきだな,3,{}
夜店,よみせ,3,{}
吐,は,3,{}
鋼鉄,こうてつ,3,{}
井戸,いど,3,{}
提出書類,ていしゅつしょるい,3,{}
全文,ぜんぶん,3,{}
必需品,ひつじゅひん,3,{}
精巧,せいこう,3,{}
簡素,かんそ,3,{}
確固,かっこ,3,{}
歪,ひず,3,{}
広範囲,こうはんい,3,{}
相対的,そうたいてき,3,{}
長居,ながい,3,{}
対比,たいひ,3,{}
有能,ゆうのう,3,{}
見本,みほん,3,{}
長編,ちょうへん,3,{}
養子,ようし,3,{}
揉,も,3,{}
新婦,しんぷ,3,{}
十年,じゅうねん,3,{}
入国,にゅうこく,3,{}
着用,ちゃくよう,3,{}
贋作,がんさく,3,{}
診療所,しんりょうじょ,3,{}
雪国,ゆきぐに,3,{}
風向,かざむ,3,{}
中庸,ちゅうよう,3,{}
回答,かいとう,3,{}
降参,こうさん,3,{}
憧,あこが,3,{}
信念,しんねん,3,{}
専用,せんよう,3,{}
冠,かん,3,{}
概算,がいさん,3,{}
壊滅的,かいめつてき,3,{}
月末,げつまつ,3,{}
賃貸,ちんたい,3,{}
障害物,しょうがいぶつ,3,{}
総量,そうりょう,3,{}
窓側,まどがわ,3,{}
凱旋,がいせん,3,{}
秘,ひ,3,{}
隊列,たいれつ,3,{}
貨物列車,かもつれっしゃ,3,{}
叱責,しっせき,3,{}
目録,もくろく,3,{}
公式発表,こうしきはっぴょう,3,{}
地学,ちがく,3,{}
鞄,かばん,3,{}
鋸,のこぎり,3,{}
斧,おの,3,{}
飲食店,いんしょくてん,3,{}
事務室,じむしつ,3,{}
季節限定,きせつげんてい,3,{}
交差,こうさ,3,{}
光沢,こうたく,3,{}
通話,つうわ,3,{}
同室,どうしつ,3,{}
恒星,こうせい,3,{}
熱中症,ねっちゅうしょう,3,{}
一変,いっぺん,3,{}
旨,むね,3,{}
不自然,ふしぜん,3,{}
化粧,けしょう,3,{}
翌週,よくしゅう,3,{}
共和国,きょうわこく,3,{}
夜半,やはん,3,{}
雪崩,なだれ,3,{}
勤務時間,きんむじかん,3,{}
出勤前,しゅっきんまえ,3,{}
油断,ゆだん,3,{}
曲線,きょくせん,3,{}
致命的,ちめいてき,3,{}
雑然,ざつぜん,3,{}
発明家,はつめいか,3,{}
計算式,けいさんしき,3,{}
新人選手,しんじんせんしゅ,3,{}
旅立,たびだ,3,{}
徹,てっ,3,{}
戦術,せんじゅつ,3,{}
開発者,かいはつしゃ,3,{}
鼓舞,こぶ,3,{}
故人,こじん,3,{}
配色,はいしょく,3,{}
大家,おおや,3,{}
妙,みょう,3,{}
分岐点,ぶんきてん,3,{}
粗悪,そあく,3,{}
講義,こうぎ,3,{}
栄光,えいこう,3,{}
占領,せんりょう,3,{}
三角,さんかく,3,{}
保健所,ほけんしょ,3,{}
支離滅裂,しりめつれつ,3,{}
黙読,もくどく,3,{}
寸法,すんぽう,3,{}
連想,れんそう,3,{}
配合,はいごう,3,{}
平坦,へいたん,3,{}
気前,きまえ,3,{}
化学者,かがくしゃ,3,{}
街頭,がいとう,3,{}
一貫,いっかん,3,{}
閑散,かんさん,3,{}
身振,みぶ,3,{}
一着,いっちゃく,3,{}
勉強中,べんきょうちゅう,3,{}
英単語,えいたんご,3,{}
遮,さえぎ,3,{}
電光掲示板,でんこうけいじばん,3,{}
片言,かたこと,3,{}
保障,ほしょう,3,{}
要望,ようぼう,3,{}
予定外,よていがい,3,{}
絨毯,じゅうたん,3,{}
急変,きゅうへん,3,{}
一晩中,ひとばんじゅう,3,{}
代理人,だいりにん,3,{}
新聞配達,しんぶんはいたつ,3,{}
中央分離帯,ちゅうおうぶんりたい,3,{}
禁,きん,3,{}
単純化,たんじゅんか,3,{}
開幕,かいまく,3,{}
前月,ぜんげつ,3,{}
初級,しょきゅう,3,{}
上級,じょうきゅう,3,{}
類似,るいじ,3,{}
発足,ほっそく,3,{}
実験器具,じっけんきぐ,3,{}
安易,あんい,3,{}
補完,ほかん,3,{}
星座,せいざ,3,{}
切望,せつぼう,3,{}
同行,どうこう,3,{}
詫,わ,3,{}
保持,ほじ,3,{}
会談,かいだん,3,{}
定義,ていぎ,3,{}
細心,さいしん,3,{}
決勝点,けっしょうてん,3,{}
熱狂,ねっきょう,3,{}
版,はん,3,{}
理髪店,りはつてん,3,{}
常駐,じょうちゅう,3,{}
日時,にちじ,3,{}
村落,そんらく,3,{}
飛行船,ひこうせん,3,{}
整形外科,せいけいげか,3,{}
宿泊客,しゅくはくきゃく,3,{}
全員一致,ぜんいんいっち,3,{}
人権,じんけん,3,{}
登山靴,とざんぐつ,3,{}
適,てき,3,{}
結果発表,けっかはっぴょう,3,{}
受験,じゅけん,3,{}
生息,せいそく,3,{}
少数派,しょうすうは,3,{}
搭乗券,とうじょうけん,3,{}
暴力的,ぼうりょくてき,3,{}
教育的,きょういくてき,3,{}
金融,きんゆう,3,{}
搭乗,とうじょう,3,{}
保存料,ほぞんりょう,3,{}
帆走,はんそう,3,{}
震災後,しんさいご,3,{}
利己的,りこてき,3,{}
数学的,すうがくてき,3,{}
譲歩,じょうほ,3,{}
登山客,とざんきゃく,3,{}
回顧,かいこ,3,{}
充足,じゅうそく,3,{}
宿泊先,しゅくはくさき,3,{}
打鍵,だけん,3,{}
麓,ふもと,3,{}
決済,けっさい,3,{}
失格,しっかく,3,{}
在宅勤務,ざいたくきんむ,3,{}
二倍,にばい,3,{}
心拍,しんぱく,3,{}
完熟,かんじゅく,3,{}
察知,さっち,3,{}
回想,かいそう,3,{}
利用客,りようきゃく,3,{}
改訂,かいてい,3,{}
正体,しょうたい,3,{}
言動,げんどう,3,{}
肯定的,こうていてき,3,{}
竜巻,たつまき,3,{}
噴火,ふんか,3,{}
取消,とりけし,3,{}
目当,めあ,3,{}
口座,こうざ,3,{}
王朝,おうちょう,3,{}
任務,にんむ,3,{}
異議,いぎ,3,{}
地名,ちめい,3,{}
窃盗,せっとう,3,{}
落下,らっか,3,{}
自習,じしゅう,3,{}
攻防,こうぼう,3,{}
右側,みぎがわ,3,{}
記念碑,きねんひ,3,{}
家庭料理,かていりょうり,3,{}
玩具,がんぐ,3,{}
更生,こうせい,3,{}
出費,しゅっぴ,3,{}
抑圧,よくあつ,3,{}
鉛,なまり,3,{}
公務員,こうむいん,3,{}
漁村,ぎょそん,3,{}
採,と,3,{}
衝動的,しょうどうてき,3,{}
途中下車,とちゅうげしゃ,3,{}
金銭,きんせん,3,{}
加入,かにゅう,3,{}
中立性,ちゅうりつせい,3,{}
生活習慣,せいかつしゅうかん,3,{}
新参者,しんざんもの,3,{}
足早,あしばや,3,{}
防音,ぼうおん,3,{}
成立,せいりつ,3,{}
伝染,でんせん,3,{}
好景気,こうけいき,3,{}
発展途上,はってんとじょう,3,{}
無人,むじん,3,{}
装飾的,そうしょくてき,3,{}
酸化物,さんかぶつ,3,{}
読書灯,どくしょとう,3,{}
作業時間,さぎょうじかん,3,{}
就寝,しゅうしん,3,{}
吠,ほ,3,{}
若者向,わかものむき,3,{}
格好,かっこう,3,{}
医療機関,いりょうきかん,3,{}
明快,めいかい,3,{}
何重,なんじゅう,3,{}
伐採,ばっさい,3,{}
豪華客船,ごうかきゃくせん,3,{}
客船,きゃくせん,3,{}
同情,どうじょう,3,{}
症例,しょうれい,3,{}
悪意,あくい,3,{}
万全,ばんぜん,3,{}
配管,はいかん,3,{}
幾何,きか,3,{}
短編,たんぺん,3,{}
発電機,はつでんき,3,{}
地理的,ちりてき,3,{}
実務経験,じつむけいけん,3,{}
家庭環境,かていかんきょう,3,{}
好都合,こうつごう,3,{}
東京駅,とうきょうえき,3,{}
直感的,ちょっかんてき,3,{}
雨水,あまみず,3,{}
復旧作業,ふっきゅうさぎょう,3,{}
円滑,えんかつ,3,{}
圧倒的,あっとうてき,3,{}
解析,かいせき,3,{}
可能性,かのうせい,3,{}
未経験,みけいけん,3,{}
団地,だんち,3,{}
世帯,せたい,3,{}
感謝状,かんしゃじょう,3,{}
潜在的,せんざいてき,3,{}
未公開,みこうかい,3,{}
立体的,りったいてき,3,{}
記,しる,3,{}
半数,はんすう,3,{}
密猟,みつりょう,3,{}
見積,みつ,3,{}
心情,しんじょう,3,{}
随所,ずいしょ,3,{}
気配,きくば,3,"{""けはい"": 1}"
経過,けいか,3,{}
文献,ぶんけん,3,{}
学期末,がっきまつ,3,{}
会計士,かいけいし,3,{}
起業,きぎょう,3,{}
仮想,かそう,3,{}
衰退,すいたい,3,{}
身支度,みじたく,3,{}
解除,かいじょ,3,{}
観衆,かんしゅう,3,{}
飛躍的,ひやくてき,3,{}
改良案,かいりょうあん,3,{}
利,き,3,{}
創意,そうい,3,{}
研究機関,けんきゅうきかん,3,{}
和菓子,わがし,3,{}
怪,あや,3,{}
傑出,けっしゅつ,3,{}
陸上選手,りくじょうせんしゅ,3,{}
進学,しんがく,3,{}
就,つ,3,{}
自覚,じかく,3,{}
時系列,じけいれつ,3,{}
家屋,かおく,3,{}
個人情報,こじんじょうほう,3,{}
委託,いたく,3,{}
条項,じょうこう,3,{}
両輪,りょうりん,3,{}
覚悟,かくご,3,{}
既存,きぞん,3,{}
部門,ぶもん,3,{}
延,の,3,{}
代表者,だいひょうしゃ,3,{}
凝縮,ぎょうしゅく,3,{}
亜麻,あま,3,{}
狂気,きょうき,3,{}
鼻先,はなさき,3,{}
破滅,はめつ,3,{}
長雨,ながあめ,3,{}
鎌,かま,3,{}
春先,はるさき,3,{}
敗戦,はいせん,3,{}
賢者,けんじゃ,3,{}
撮影者,さつえいしゃ,3,{}
疑念,ぎねん,3,{}
灰,はい,3,{}
凝視,ぎょうし,3,{}
名簿,めいぼ,3,{}
脱退,だったい,3,{}
打撃,だげき,3,{}
稼働,かどう,3,{}
燕,つばめ,3,{}
中和,ちゅうわ,3,{}
古書店,こしょてん,3,{}
寒々,さむざむ,3,{}
殺風景,さっぷうけい,3,{}
平原,へいげん,3,{}
南方,なんぽう,3,{}
苦笑,にがわら,3,{}
機材,きざい,3,{}
倦怠,けんたい,3,{}
委,ゆだ,3,{}
薄紫,うすむらさき,3,{}
強力,きょうりょく,3,{}
人柄,ひとがら,3,{}
離脱,りだつ,3,{}
風合,ふうあい,3,{}
遠目,とおめ,3,{}
蒸留所,じょうりゅうじょ,3,{}
多額,たがく,3,{}
亡命,ぼうめい,3,{}
机上,きじょう,3,{}
計画書,けいかくしょ,3,{}
散文,さんぶん,3,{}
加味,かみ,3,{}
不死,ふし,3,{}
陶芸家,とうげいか,3,{}
優先,ゆうせん,3,{}
営,いとな,3,{}
予算配分,よさんはいぶん,3,{}
幅広,はばひろ,3,{}
交通網,こうつうもう,3,{}
仏語,ふつご,3,{}
民,たみ,3,{}
界,かい,3,{}
賃金,ちんぎん,3,{}
古城,こじょう,3,{}
新任,しんにん,3,{}
悲観,ひかん,3,{}
温帯,おんたい,3,{}
高性能,こうせいのう,3,{}
小人,こども,3,{}
規則的,きそくてき,3,{}
高貴,こうき,3,{}
外観,がいかん,3,{}
短命,たんめい,3,{}
敬意,けいい,3,{}
偽造,ぎぞう,3,{}
膨張,ぼうちょう,3,{}
倫理,りんり,3,{}
緩慢,かんまん,3,{}
後援者,こうえんしゃ,3,{}
峰,みね,3,{}
本心,ほんしん,3,{}
証人,しょうにん,3,{}
河川,かせん,3,{}
国内外,こくないがい,3,{}
合併,がっぺい,3,{}
長期化,ちょうきか,3,{}
電子的,でんしてき,3,{}
青年,せいねん,3,{}
終演後,しゅうえんご,3,{}
会合,かいごう,3,{}
善意,ぜんい,3,{}
狂,くる,3,{}
来場,らいじょう,3,{}
長編小説,ちょうへんしょうせつ,3,{}
担保,たんぽ,3,{}
捉,とら,3,{}
通院,つういん,3,{}
四半期,しはんき,3,{}
局所的,きょくしょてき,3,{}
終着点,しゅうちゃくてん,3,{}
迂回路,うかいろ,3,{}
相続,そうぞく,3,{}
一夜,いちや,3,{}
産出,さんしゅつ,3,{}
例年,れいねん,3,{}
宮廷,きゅうてい,3,{}
防止,ぼうし,3,{}
入札,にゅうさつ,3,{}
惑,まど,3,{}
継承,けいしょう,3,{}
硫黄,いおう,3,{}
化学式,かがくしき,3,{}
締切,しめきり,3,{}
専門用語,せんもんようご,3,{}
初学者,しょがくしゃ,3,{}
人事,じんじ,3,{}
断固,だんこ,3,{}
持続,じぞく,3,{}
多数,たすう,3,{}
操,あやつ,3,{}
増幅,ぞうふく,3,{}
家主,やぬし,3,{}
議員,ぎいん,3,{}
形成,けいせい,3,{}
巧妙,こうみょう,3,{}
経営難,けいえいなん,3,{}
肥沃,ひよく,3,{}
尺度,しゃくど,3,{}
数式,すうしき,3,{}
徴収,ちょうしゅう,3,{}
微細,びさい,3,{}
命名,めいめい,3,{}
主導権,しゅどうけん,3,{}
内心,ないしん,3,{}
誘導,ゆうどう,3,{}
未処理,みしょり,3,{}
燃費,ねんぴ,3,{}
火種,ひだね,3,{}
回線,かいせん,3,{}
美意識,びいしき,3,{}
収益,しゅうえき,3,{}
不変,ふへん,3,{}
注力,ちゅうりょく,3,{}
点滴,てんてき,3,{}
心理,しんり,3,{}
演習,えんしゅう,3,{}
隠蔽,いんぺい,3,{}
宝石商,ほうせきしょう,3,{}
旧式,きゅうしき,3,{}
主任,しゅにん,3,{}
勤続,きんぞく,3,{}
進捗,しんちょく,3,{}
早急,さっきゅう,3,{}
各部門,かくぶもん,3,{}
演出家,えんしゅつか,3,{}
世界各国,せかいかっこく,3,{}
破綻,はたん,3,{}
応答,おうとう,3,{}
上層部,じょうそうぶ,3,{}
寄与,きよ,3,{}
二十年,にじゅうねん,3,{}
製造業者,せいぞうぎょうしゃ,3,{}
名場面,めいばめん,3,{}
異動,いどう,3,{}
共感,きょうかん,3,{}
高給,こうきゅう,3,{}
仕事帰,しごとがえ,3,{}
効率化,こうりつか,3,{}
民間企業,みんかんきぎょう,3,{}
風化,ふうか,3,{}
微生物,びせいぶつ,3,{}
不況,ふきょう,3,{}
商店主,しょうてんしゅ,3,{}
花粉症,かふんしょう,3,{}
衛生,えいせい,3,{}
断片的,だんぺんてき,3,{}
知的,ちてき,3,{}
湿度計,しつどけい,3,{}
選挙戦,せんきょせん,3,{}
幹部,かんぶ,3,{}
権限,けんげん,3,{}
移動時間,いどうじかん,3,{}
防止策,ぼうしさく,3,{}
心温,こころあたた,3,{}
事実上,じじつじょう,3,{}
退却,たいきゃく,3,{}
高速,こうそく,3,{}
法案,ほうあん,3,{}
堅実,けんじつ,3,{}
鈍感,どんかん,3,{}
背後,はいご,3,{}
企,き,3,{}
初年度,しょねんど,3,{}
再建計画,さいけんけいかく,3,{}
兵,へい,3,{}
不明点,ふめいてん,3,{}
艦,かん,3,{}
穏当,おんとう,3,{}
小売店,こうりてん,3,{}
簡略,かんりゃく,3,{}
時点,じてん,2,{}
腿,もも,2,{}
鴨,かも,2,{}
今月,こんげつ,2,{}
両耳,りょうみみ,2,{}
武装,ぶそう,2,{}
両腕,りょううで,2,{}
大粒,おおつぶ,2,{}
生後,せいご,2,{}
小動物,しょうどうぶつ,2,{}
観覧車,かんらんしゃ,2,{}
物体,ぶったい,2,{}
男性形,だんせいがた,2,{}
音楽祭,おんがくさい,2,{}
時半,じはん,2,{}
妊婦,にんぷ,2,{}
火災,かさい,2,{}
青色,あおいろ,2,{}
黒猫,くろねこ,2,{}
息継,いきつ,2,{}
優秀,ゆうしゅう,2,{}
壁紙,かべがみ,2,{}
家庭的,かていてき,2,{}
最高気温,さいこうきおん,2,{}
一匹,いっぴき,2,{}
鍵盤,けんばん,2,{}
上野,うえの,2,{}
首飾,くびかざ,2,{}
複合語,ふくごうご,2,{}
両足,りょうあし,2,{}
表彰式,ひょうしょうしき,2,{}
毛先,けさき,2,{}
全力疾走,ぜんりょくしっそう,2,{}
直行,ちょっこう,2,{}
藍,あい,2,{}
南側,みなみがわ,2,{}
腕立,うでたて,2,{}
専門領域,せんもんりょういき,2,{}
人乗,にんの,2,{}
停留所,ていりゅうしょ,2,{}
乗合,のりあい,2,{}
音楽家,おんがくか,2,{}
蝶,ちょう,2,{}
否定文,ひていぶん,2,{}
君,くん,2,{}
土手,どて,2,{}
花見,はなみ,2,{}
菊,きく,2,{}
人種,じんしゅ,2,{}
独立記念日,どくりつきねんび,2,{}
小雨,こさめ,2,{}
曽祖父,そうそふ,2,{}
軽音楽部,けいおんがくぶ,2,{}
打楽器,だがっき,2,{}
口々,くちぐち,2,{}
記録媒体,きろくばいたい,2,{}
直径,ちょっけい,2,{}
電子機器,でんしきき,2,{}
車椅子,くるまいす,2,{}
月名,げつめい,2,{}
寿司,すし,2,{}
西側,にしがわ,2,{}
内野,ないや,2,{}
靴底,くつぞこ,2,{}
鳥居,とりい,2,{}
甲羅,こうら,2,{}
日光浴,にっこうよく,2,{}
爬虫類,はちゅうるい,2,{}
公用語,こうようご,2,{}
文字盤,もじばん,2,{}
万冊,まんさつ,2,{}
方程式,ほうていしき,2,{}
日記帳,にっきちょう,2,{}
塩水,しおみず,2,{}
大洋,たいよう,2,{}
在籍,ざいせき,2,{}
日常生活,にちじょうせいかつ,2,{}
水路,すいろ,2,{}
旋回,せんかい,2,{}
猛禽,もうきん,2,{}
慣用句,かんようく,2,{}
中国人,ちゅうごくじん,2,{}
仲,なか,2,{}
笹,ささ,2,{}
泉,いずみ,2,{}
樹齢,じゅれい,2,{}
視覚障害者,しかくしょうがいしゃ,2,{}
人参,にんじん,2,{}
火曜日,かようび,2,{}
軽食,けいしょく,2,{}
伯爵,はくしゃく,2,{}
節分,せつぶん,2,{}
頂,いただき,2,"{""いただ"": 1}"
姓,せい,2,{}
淹,い,2,{}
万枚,まんまい,2,{}
全巻,ぜんかん,2,{}
南北,なんぼく,2,{}
親愛,しんあい,2,{}
新宿,しんじゅく,2,{}
生徒会長,せいとかいちょう,2,{}
土星,どせい,2,{}
文房具店,ぶんぼうぐてん,2,{}
塁,るい,2,{}
国名,こくめい,2,{}
誕生会,たんじょうかい,2,{}
婉曲,えんきょく,2,{}
学校給食,がっこうきゅうしょく,2,{}
高鳴,たかな,2,{}
製鉄所,せいてつしょ,2,{}
化学工場,かがくこうじょう,2,{}
何本,なんぼん,2,{}
騎馬戦,きばせん,2,{}
特大,とくだい,2,{}
徳,とく,2,{}
栓抜,せんぬき,2,{}
金属製,きんぞくせい,2,{}
手製,てせい,2,{}
革製,かわせい,2,{}
上半身,じょうはんしん,2,{}
手付,てつき,2,{}
調理器具,ちょうりきぐ,2,{}
合計金額,ごうけいきんがく,2,{}
先月,せんげつ,2,{}
等分,とうぶん,2,{}
一切,ひとき,2,"{""いっさい"": 2}"
一箱,ひとはこ,2,{}
一袋,ひとふくろ,2,{}
一覧表,いちらんひょう,2,{}
先端,せんたん,2,{}
一色,いっしょく,2,{}
発車,はっしゃ,2,{}
荷台,にだい,2,{}
舞踊,ぶよう,2,{}
夕飯,ゆうはん,2,{}
閉館,へいかん,2,{}
未明,みめい,2,{}
甲斐,かい,2,{}
中古車,ちゅうこしゃ,2,{}
水切,みずき,2,{}
時代劇,じだいげき,2,{}
少々,しょうしょう,2,{}
往復,おうふく,2,{}
藍色,あいいろ,2,{}
巨木,きょぼく,2,{}
風呂場,ふろば,2,{}
席替,せきが,2,{}
相当,そうとう,2,{}
写真屋,しゃしんや,2,{}
三角巾,さんかくきん,2,{}
習得,しゅうとく,2,{}
事務,じむ,2,{}
紙飛行機,かみひこうき,2,{}
内臓,ないぞう,2,{}
大根,だいこん,2,{}
対向車,たいこうしゃ,2,{}
雇,やと,2,{}
飲食,いんしょく,2,{}
公衆電話,こうしゅうでんわ,2,{}
背丈,せたけ,2,{}
訳,やく,2,{}
年来,ねんらい,2,{}
蔵,くら,2,{}
壺,つぼ,2,{}
先週,せんしゅう,2,{}
操縦士,そうじゅうし,2,{}
客室乗務員,きゃくしつじょうむいん,2,{}
億年,おくねん,2,{}
料金表,りょうきんひょう,2,{}
毎月第,まいげつだい,2,{}
断言,だんげん,2,{}
砂場,すなば,2,{}
佐藤,さとう,2,{}
水色,みずいろ,2,{}
温泉街,おんせんがい,2,{}
大気汚染,たいきおせん,2,{}
干上,ひあ,2,{}
一声,ひとこえ,2,{}
紐,ひも,2,{}
休憩所,きゅうけいじょ,2,{}
似顔絵,にがおえ,2,{}
成績表,せいせきひょう,2,{}
集合的,しゅうごうてき,2,{}
算,ざん,2,"{""さん"": 2}"
弓矢,ゆみや,2,{}
広島,ひろしま,2,{}
窯,かま,2,{}
日直,にっちょく,2,{}
早寝早起,はやねはやお,2,{}
小学,しょうがく,2,{}
家庭科,かていか,2,{}
電力,でんりょく,2,{}
洗剤,せんざい,2,{}
入学試験,にゅうがくしけん,2,{}
入部,にゅうぶ,2,{}
分量,ぶんりょう,2,{}
手順書,てじゅんしょ,2,{}
中州,なかす,2,{}
消防隊員,しょうぼうたいいん,2,{}
救助,きゅうじょ,2,{}
水道管,すいどうかん,2,{}
白黒写真,しろくろしゃしん,2,{}
丸一日,まるいちにち,2,{}
明治時代,めいじじだい,2,{}
西洋,せいよう,2,{}
盗難,とうなん,2,{}
先導,せんどう,2,{}
点灯,てんとう,2,{}
生演奏,なまえんそう,2,{}
体勢,たいせい,2,{}
志望,しぼう,2,{}
収容,しゅうよう,2,{}
公民館,こうみんかん,2,{}
道順,みちじゅん,2,{}
社会科,しゃかいか,2,{}
地球儀,ちきゅうぎ,2,{}
題,だい,2,{}
生態,せいたい,2,{}
進行表,しんこうひょう,2,{}
地理,ちり,2,{}
兆,ちょう,2,{}
検索,けんさく,2,{}
相互,そうご,2,{}
通信網,つうしんもう,2,{}
半券,はんけん,2,{}
即答,そくとう,2,{}
登下校,とうげこう,2,{}
全問正解,ぜんもんせいかい,2,{}
目上,めうえ,2,{}
敬,うやま,2,{}
目線,めせん,2,{}
用品,ようひん,2,{}
映画監督,えいがかんとく,2,{}
取締役,とりしまりやく,2,{}
社交的,しゃこうてき,2,{}
内気,うちき,2,{}
情熱,じょうねつ,2,{}
血液,けつえき,2,{}
輸血,ゆけつ,2,{}
果肉,かにく,2,{}
地元紙,じもとし,2,{}
筆頭,ひっとう,2,{}
記帳,きちょう,2,{}
説教,せっきょう,2,{}
小物,こもの,2,{}
特別展,とくべつてん,2,{}
基礎的,きそてき,2,{}
赤道,せきどう,2,{}
採血,さいけつ,2,{}
仰向,あおむ,2,{}
小舟,こぶね,2,{}
遊牧民,ゆうぼくみん,2,{}
球団,きゅうだん,2,{}
背番号,せばんごう,2,{}
試合終了,しあいしゅうりょう,2,{}
親族,しんぞく,2,{}
筋肉痛,きんにくつう,2,{}
境目,さかいめ,2,{}
演者,えんしゃ,2,{}
似合,にあ,2,{}
一帯,いったい,2,{}
爆撃機,ばくげきき,2,{}
爆弾,ばくだん,2,{}
砲弾,ほうだん,2,{}
正義,せいぎ,2,{}
急行,きゅうこう,2,{}
開演,かいえん,2,{}
野球場,やきゅうじょう,2,{}
特技,とくぎ,2,{}
戦艦,せんかん,2,{}
食事中,しょくじちゅう,2,{}
製粉,せいふん,2,{}
味覚,みかく,2,{}
抱擁,ほうよう,2,{}
筋道,すじみち,2,{}
思考,しこう,2,{}
清書,せいしょ,2,{}
余計,よけい,2,{}
原稿用紙,げんこうようし,2,{}
交換留学,こうかんりゅうがく,2,{}
工期,こうき,2,{}
電気工事士,でんきこうじし,2,{}
億円,おくえん,2,{}
沿道,えんどう,2,{}
裏側,うらがわ,2,{}
霊柩車,れいきゅうしゃ,2,{}
発売日,はつばいび,2,{}
初版,しょはん,2,{}
専門分野,せんもんぶんや,2,{}
合言葉,あいことば,2,{}
女神像,めがみぞう,2,{}
大金持,おおがねもち,2,{}
隣国,りんごく,2,{}
全治,ぜんち,2,{}
負傷,ふしょう,2,{}
基礎練習,きそれんしゅう,2,{}
応援団長,おうえんだんちょう,2,{}
難点,なんてん,2,{}
体温計,たいおんけい,2,{}
寝間着,ねまき,2,{}
総合大学,そうごうだいがく,2,{}
専門学校,せんもんがっこう,2,{}
九州,きゅうしゅう,2,{}
生存,せいぞん,2,{}
資料館,しりょうかん,2,{}
実物,じつぶつ,2,{}
遺品,いひん,2,{}
原爆,げんばく,2,{}
江戸,えど,2,{}
町人,ちょうにん,2,{}
敗退,はいたい,2,{}
重圧,じゅうあつ,2,{}
音程,おんてい,2,{}
伴奏者,ばんそうしゃ,2,{}
横浜,よこはま,2,{}
交通事故,こうつうじこ,2,{}
法学,ほうがく,2,{}
炉,ろ,2,{}
検察官,けんさつかん,2,{}
観賞,かんしょう,2,{}
最上階,さいじょうかい,2,{}
見下,みお,2,"{""みくだ"": 2}"
決行,けっこう,2,{}
選手権,せんしゅけん,2,{}
国連,こくれん,2,{}
国体,こくたい,2,{}
敗者,はいしゃ,2,{}
参加者全員,さんかしゃぜんいん,2,{}
体格,たいかく,2,{}
見物客,けんぶつきゃく,2,{}
追悼,ついとう,2,{}
逆戻,ぎゃくもど,2,{}
武士,ぶし,2,{}
塾講師,じゅくこうし,2,{}
表示板,ひょうじばん,2,{}
県内,けんない,2,{}
素人,しろうと,2,{}
舞台装置,ぶたいそうち,2,{}
国々,くにぐに,2,{}
電話回線,でんわかいせん,2,{}
計算力,けいさんりょく,2,{}
引退前,いんたいまえ,2,{}
墨,すみ,2,{}
一文字,ひともじ,2,{}
一番奥,いちばんおく,2,{}
壁画,へきが,2,{}
初戦,しょせん,2,{}
環境問題,かんきょうもんだい,2,{}
冷水,ひやみず,2,{}
炭酸,たんさん,2,{}
定期券,ていきけん,2,{}
混合物,こんごうぶつ,2,{}
煮詰,につ,2,{}
狩人,かりうど,2,{}
水深,すいしん,2,{}
権,けん,2,{}
代表格,だいひょうかく,2,{}
全長,ぜんちょう,2,{}
塩気,しおけ,2,{}
夜景,やけい,2,{}
見終,みお,2,{}
威力,いりょく,2,{}
小魚,こざかな,2,{}
体積,たいせき,2,{}
手際,てぎわ,2,{}
牛肉,ぎゅうにく,2,{}
一年中,いちねんじゅう,2,{}
本体,ほんたい,2,{}
排気,はいき,2,{}
寒気,さむけ,2,{}
湿疹,しっしん,2,{}
洞,ほら,2,{}
岬,みさき,2,{}
乳製品,にゅうせいひん,2,{}
続編,ぞくへん,2,{}
卵焼,たまごや,2,{}
木陰,こかげ,2,{}
綿毛,わたげ,2,{}
馬上,ばじょう,2,{}
大河,たいが,2,{}
小川,おがわ,2,{}
耳元,みみもと,2,{}
計測,けいそく,2,{}
軒下,のきした,2,{}
左手,ひだりて,2,{}
見破,みやぶ,2,{}
手品師,てじなし,2,{}
火加減,ひかげん,2,{}
日帰,ひがえ,2,{}
突起,とっき,2,{}
湯船,ゆぶね,2,{}
現役時代,げんえきじだい,2,{}
豆粒,まめつぶ,2,{}
歩行,ほこう,2,{}
危,あぶ,2,"{""あや"": 2}"
錠,じょう,2,{}
更衣室,こういしつ,2,{}
映画鑑賞,えいがかんしょう,2,{}
檻,おり,2,{}
寝息,ねいき,2,{}
子守歌,こもりうた,2,{}
応援歌,おうえんか,2,{}
行進曲,こうしんきょく,2,{}
編隊,へんたい,2,{}
外周,がいしゅう,2,{}
見当,けんとう,2,"{""みあ"": 1}"
体長,たいちょう,2,{}
大物,おおもの,2,{}
北欧,ほくおう,2,{}
心強,こころづよ,2,{}
根菜,こんさい,2,{}
毎時間,まいじかん,2,{}
真上,まうえ,2,{}
太陽系,たいようけい,2,{}
水力,すいりょく,2,{}
原子力,げんしりょく,2,{}
発音記号,はつおんきごう,2,{}
操縦,そうじゅう,2,{}
加湿器,かしつき,2,{}
黄金,おうごん,2,{}
王妃,おうひ,2,{}
日本式,にほんしき,2,{}
模試,もし,2,{}
永久,えいきゅう,2,{}
集合場所,しゅうごうばしょ,2,{}
囲碁,いご,2,{}
医学的,いがくてき,2,{}
心臓病,しんぞうびょう,2,{}
落語,らくご,2,{}
主将,しゅしょう,2,{}
同伴,どうはん,2,{}
寝起,ねお,2,{}
厚紙,あつがみ,2,{}
輪切,わぎ,2,{}
柑橘類,かんきつるい,2,{}
散乱,さんらん,2,{}
電池式,でんちしき,2,{}
公民権運動,こうみんけんうんどう,2,{}
白人,はくじん,2,{}
蝶番,ちょうつがい,2,{}
昭和,しょうわ,2,{}
天皇,てんのう,2,{}
展示室,てんじしつ,2,{}
立地,りっち,2,{}
駅舎,えきしゃ,2,{}
落差,らくさ,2,{}
轟音,ごうおん,2,{}
渓谷,けいこく,2,{}
給仕,きゅうじ,2,{}
生息地,せいそくち,2,{}
障壁,しょうへき,2,{}
閉店間際,へいてんまぎわ,2,{}
田園,でんえん,2,{}
運賃,うんちん,2,{}
給水所,きゅうすいじょ,2,{}
並走,へいそう,2,{}
桁,けた,2,{}
敷地内,しきちない,2,{}
平地,へいち,2,{}
堀,ほり,2,{}
禁煙,きんえん,2,{}
付録,ふろく,2,{}
週刊誌,しゅうかんし,2,{}
有田,ありた,2,{}
食器類,しょっきるい,2,{}
中盤,ちゅうばん,2,{}
登校時,とうこうじ,2,{}
善良,ぜんりょう,2,{}
無気力,むきりょく,2,{}
大歓声,だいかんせい,2,{}
完治,かんち,2,{}
加熱,かねつ,2,{}
源泉,げんせん,2,{}
渦,うず,2,{}
視野,しや,2,{}
青白,あおじろ,2,{}
万年,まんねん,2,{}
世界一,せかいいち,2,{}
指導力,しどうりょく,2,{}
記録係,きろくがかり,2,{}
竹馬,たけうま,2,{}
海中,かいちゅう,2,{}
真犯人,しんはんにん,2,{}
大水,おおみず,2,{}
無謀,むぼう,2,{}
区,く,2,{}
感謝祭,かんしゃさい,2,{}
家計簿,かけいぼ,2,{}
冊子,さっし,2,{}
色紙,しきし,2,{}
販売店,はんばいてん,2,{}
反省,はんせい,2,{}
稲刈,いねか,2,{}
火曜,かよう,2,{}
新米,しんまい,2,{}
正反対,せいはんたい,2,{}
文具店,ぶんぐてん,2,{}
縁日,えんにち,2,{}
日替,ひが,2,{}
学食,がくしょく,2,{}
言論,げんろん,2,{}
工業製品,こうぎょうせいひん,2,{}
設計士,せっけいし,2,{}
郵便番号,ゆうびんばんごう,2,{}
番地,ばんち,2,{}
米粒,こめつぶ,2,{}
栄,さか,2,{}
一画,いっかく,2,{}
断水,だんすい,2,{}
相次,あいつ,2,"{""あいつぎ"": 1}"
僧侶,そうりょ,2,{}
緩衝材,かんしょうざい,2,{}
部室,ぶしつ,2,{}
階上,かいじょう,2,{}
階下,かいか,2,{}
自然災害,しぜんさいがい,2,{}
帰省,きせい,2,{}
雄大,ゆうだい,2,{}
製造業,せいぞうぎょう,2,{}
観光名所,かんこうめいしょ,2,{}
世代間,せだいかん,2,{}
高台,たかだい,2,{}
金貨,きんか,2,{}
絶望,ぜつぼう,2,{}
新婚,しんこん,2,{}
一戸建,いっこだ,2,{}
団子,だんご,2,{}
都道府県,とどうふけん,2,{}
共通点,きょうつうてん,2,{}
管弦楽団,かんげんがくだん,2,{}
大編成,だいへんせい,2,{}
結語,けつご,2,{}
拝啓,はいけい,2,{}
追伸,ついしん,2,{}
年内,ねんない,2,{}
投函,とうかん,2,{}
人形劇,にんぎょうげき,2,{}
個室,こしつ,2,{}
旅行中,りょこうちゅう,2,{}
留学中,りゅうがくちゅう,2,{}
海上,かいじょう,2,{}
製本,せいほん,2,{}
欠航,けっこう,2,{}
通信手段,つうしんしゅだん,2,{}
予算案,よさんあん,2,{}
名残,なごり,2,{}
搬入,はんにゅう,2,{}
漆,うるし,2,{}
椀,わん,2,{}
公民,こうみん,2,{}
民衆,みんしゅう,2,{}
独裁,どくさい,2,{}
転校初日,てんこうしょにち,2,{}
街道,かいどう,2,{}
清水寺,きよみずでら,2,{}
金閣寺,きんかくじ,2,{}
低学年,ていがくねん,2,{}
率,りつ,2,"{""ひき"": 1}"
口紅,くちべに,2,{}
枝豆,えだまめ,2,{}
手柄,てがら,2,{}
海水,かいすい,2,{}
悪魔,あくま,2,{}
菌,きん,2,{}
救急箱,きゅうきゅうばこ,2,{}
一式,いっしき,2,{}
巣穴,すあな,2,{}
煮汁,にじる,2,{}
色落,いろお,2,{}
柿,かき,2,{}
血管,けっかん,2,{}
期日,きじつ,2,{}
温風,おんぷう,2,{}
重力,じゅうりょく,2,{}
敷物,しきもの,2,{}
山羊,やぎ,2,{}
子牛,こうし,2,{}
走行距離,そうこうきょり,2,{}
蜂蜜,はちみつ,2,{}
石段,いしだん,2,{}
警官,けいかん,2,{}
脆,ぜい,2,"{""もろ"": 1}"
香味,こうみ,2,{}
小指,こゆび,2,{}
五,いつ,2,{}
発進,はっしん,2,{}
自作,じさく,2,{}
白紙,はくし,2,{}
交渉成立,こうしょうせいりつ,2,{}
筆者,ひっしゃ,2,{}
快晴,かいせい,2,{}
処理,しょり,2,{}
違和感,いわかん,2,{}
炒,いた,2,"{""い"": 1}"
大盛,おおも,2,{}
学級,がっきゅう,2,{}
水道水,すいどうすい,2,{}
他愛,たあい,2,{}
犯罪者,はんざいしゃ,2,{}
天才,てんさい,2,{}
体全体,からだぜんたい,2,{}
器官,きかん,2,{}
麦,むぎ,2,{}
切断,せつだん,2,{}
液,えき,2,{}
重量,じゅうりょう,2,{}
挿,さ,2,{}
結実,けつじつ,2,{}
崇拝,すうはい,2,{}
銀婚式,ぎんこんしき,2,{}
債券,さいけん,2,{}
英文,えいぶん,2,{}
整頓,せいとん,2,{}
横断幕,おうだんまく,2,{}
新品同様,しんぴんどうよう,2,{}
醍醐味,だいごみ,2,{}
定価,ていか,2,{}
楕円形,だえんけい,2,{}
色味,いろみ,2,{}
子馬,こうま,2,{}
変装,へんそう,2,{}
酔,よ,2,{}
情報源,じょうほうげん,2,{}
反撃,はんげき,2,{}
熊,くま,2,{}
厚着,あつぎ,2,{}
郡,ぐん,2,{}
罪悪感,ざいあくかん,2,{}
正気,しょうき,2,{}
一回,ひとまわ,2,{}
養殖,ようしょく,2,{}
餃子,ぎょうざ,2,{}
古着,ふるぎ,2,{}
土砂降,どしゃぶ,2,{}
古道具,ふるどうぐ,2,{}
就職,しゅうしょく,2,{}
爽,さわ,2,{}
単数形,たんすうけい,2,{}
郵便受,ゆうびんう,2,{}
試食,ししょく,2,{}
見合,みあ,2,{}
以下,いか,2,{}
金具,かなぐ,2,{}
混沌,こんとん,2,{}
中断中,ちゅうだんちゅう,2,{}
聖書,せいしょ,2,{}
運勢,うんせい,2,{}
山椒,さんしょう,2,{}
冷気,れいき,2,{}
営業中,えいぎょうちゅう,2,{}
開封,かいふう,2,{}
好況,こうきょう,2,{}
急上昇,きゅうじょうしょう,2,{}
凪,なぎ,2,{}
局,きょく,2,{}
前置,まえお,2,{}
撒,ま,2,{}
精緻,せいち,2,{}
日用品,にちようひん,2,{}
雑用係,ざつようがかり,2,{}
痩,や,2,{}
格闘技,かくとうぎ,2,{}
剣道,けんどう,2,{}
充電器,じゅうでんき,2,{}
信者,しんじゃ,2,{}
屈伸,くっしん,2,{}
電動,でんどう,2,{}
料理番,りょうりばん,2,{}
海峡,かいきょう,2,{}
遺伝子,いでんし,2,{}
安定感,あんていかん,2,{}
腰痛,ようつう,2,{}
構内,こうない,2,{}
人混,ひとご,2,{}
謙遜,けんそん,2,{}
始発,しはつ,2,{}
清掃員,せいそういん,2,{}
運転士,うんてんし,2,{}
早計,そうけい,2,{}
親指,おやゆび,2,{}
幽霊,ゆうれい,2,{}
突入,とつにゅう,2,{}
稲穂,いなほ,2,{}
表示価格,ひょうじかかく,2,{}
醸,かも,2,{}
安息,あんそく,2,{}
躊躇,ちゅうちょ,2,{}
煮物,にもの,2,{}
居眠,いねむ,2,{}
勤務中,きんむちゅう,2,{}
体質,たいしつ,2,{}
遺伝学,いでんがく,2,{}
青春時代,せいしゅんじだい,2,{}
人影,ひとかげ,2,{}
雪道,ゆきみち,2,{}
戦前,せんぜん,2,{}
純粋,じゅんすい,2,{}
濁,にご,2,{}
同居,どうきょ,2,{}
中年,ちゅうねん,2,{}
両校,りょうこう,2,{}
香水,こうすい,2,{}
暴露,ばくろ,2,{}
拳,こぶし,2,{}
激怒,げきど,2,{}
不均等,ふきんとう,2,{}
料金所,りょうきんじょ,2,{}
整理券,せいりけん,2,{}
洗練,せんれん,2,{}
大理石,だいりせき,2,{}
目薬,めぐすり,2,{}
補充,ほじゅう,2,{}
脂,あぶら,2,{}
台無,だいな,2,{}
予言,よげん,2,{}
仮眠,かみん,2,{}
徹夜,てつや,2,{}
羊肉,ひつじにく,2,{}
刑務所,けいむしょ,2,{}
集積,しゅうせき,2,{}
案内板,あんないばん,2,{}
客間,きゃくま,2,{}
後者,こうしゃ,2,{}
賞味期限,しょうみきげん,2,{}
茹,ゆ,2,{}
人物紹介,じんぶつしょうかい,2,{}
刺身,さしみ,2,{}
日本独特,にほんどくとく,2,{}
豪邸,ごうてい,2,{}
釉薬,ゆうやく,2,{}
修理屋,しゅうりや,2,{}
山登,やまのぼ,2,{}
周期,しゅうき,2,{}
肉屋,にくや,2,{}
肉体,にくたい,2,{}
魂,たましい,2,{}
竿,さお,2,{}
存在感,そんざいかん,2,{}
戒,いまし,2,{}
古今,ここん,2,{}
外来語,がいらいご,2,{}
水草,みずくさ,2,{}
鉄鉱石,てっこうせき,2,{}
残骸,ざんがい,2,{}
観察眼,かんさつがん,2,{}
給油,きゅうゆ,2,{}
桶,おけ,2,{}
編成,へんせい,2,{}
無限,むげん,2,{}
粒子,りゅうし,2,{}
開放,かいほう,2,{}
侵略,しんりゃく,2,{}
否認,ひにん,2,{}
解答,かいとう,2,{}
語幹,ごかん,2,{}
雪山,せつざん,2,{}
羽目,はめ,2,{}
試技,しぎ,2,{}
長文,ちょうぶん,2,{}
医療技術,いりょうぎじゅつ,2,{}
受話器,じゅわき,2,{}
日本酒,にほんしゅ,2,{}
困惑,こんわく,2,{}
両替所,りょうがえじょ,2,{}
凶器,きょうき,2,{}
眼差,まなざ,2,{}
見込,みこ,2,{}
頻出,ひんしゅつ,2,{}
中古品,ちゅうこひん,2,{}
歯科,しか,2,{}
十五,じゅうご,2,{}
一番上,いちばんうえ,2,{}
起伏,きふく,2,{}
彫像,ちょうぞう,2,{}
非日常,ひにちじょう,2,{}
熟練者,じゅくれんしゃ,2,{}
損傷,そんしょう,2,{}
昇格,しょうかく,2,{}
刑事,けいじ,2,{}
残高,ざんだか,2,{}
急降下,きゅうこうか,2,{}
大使館,たいしかん,2,{}
代理店,だいりてん,2,{}
結婚指輪,けっこんゆびわ,2,{}
歓送会,かんそうかい,2,{}
単調,たんちょう,2,{}
義務感,ぎむかん,2,{}
内向的,ないこうてき,2,{}
雪合戦,ゆきがっせん,2,{}
巻末,かんまつ,2,{}
山並,やまなみ,2,{}
湖底,こてい,2,{}
魚介類,ぎょかいるい,2,{}
食器洗,しょっきあら,2,{}
競馬場,けいばじょう,2,{}
総会,そうかい,2,{}
書記,しょき,2,{}
年長者,ねんちょうしゃ,2,{}
書架,しょか,2,{}
大流行,だいりゅうこう,2,{}
限度,げんど,2,{}
子音,しいん,2,{}
止血,しけつ,2,{}
応募用紙,おうぼようし,2,{}
幹線道路,かんせんどうろ,2,{}
用件,ようけん,2,{}
手当,てあ,2,"{""てあて"": 1}"
賞与,しょうよ,2,{}
言及,げんきゅう,2,{}
車体,しゃたい,2,{}
解熱,げねつ,2,{}
乳児,にゅうじ,2,{}
珍重,ちんちょう,2,{}
修飾,しゅうしょく,2,{}
動詞化,どうしか,2,{}
不要品,ふようひん,2,{}
生物学,せいぶつがく,2,{}
修行,しゅぎょう,2,{}
岩石,がんせき,2,{}
重厚,じゅうこう,2,{}
服従,ふくじゅう,2,{}
芝,しば,2,{}
理科系,りかけい,2,{}
馬車,ばしゃ,2,{}
王室,おうしつ,2,{}
詳細情報,しょうさいじょうほう,2,{}
冗長,じょうちょう,2,{}
一年間,いちねんかん,2,{}
察,さ,2,"{""さっ"": 1, ""さつ"": 1}"
再開発,さいかいはつ,2,{}
肩掛,かたかけ,2,{}
別荘,べっそう,2,{}
焙煎,ばいせん,2,{}
何週間,なんしゅうかん,2,{}
助言者,じょげんしゃ,2,{}
競争相手,きょうそうあいて,2,{}
用心深,ようじんぶか,2,{}
貯金箱,ちょきんばこ,2,{}
停車,ていしゃ,2,{}
泥棒,どろぼう,2,{}
目頭,めがしら,2,{}
恋愛,れんあい,2,{}
構築,こうちく,2,{}
最善,さいぜん,2,{}
極寒,ごくさむ,2,{}
障子,しょうじ,2,{}
観測機器,かんそくきき,2,{}
保守,ほしゅ,2,{}
氾濫,はんらん,2,{}
配分,はいぶん,2,{}
共演者,きょうえんしゃ,2,{}
怯,おび,2,{}
漫画家,まんがか,2,{}
高速道,こうそくどう,2,{}
海路,かいろ,2,{}
一般人,いっぱんじん,2,{}
蘇,よみが,2,"{""よみがえ"": 1}"
絶対的,ぜったいてき,2,{}
路,みち,2,{}
探査機,たんさき,2,{}
英連邦,えいれんぽう,2,{}
背骨,せぼね,2,{}
禁物,きんもつ,2,{}
賞金,しょうきん,2,{}
上向,うわむ,2,{}
下向,したむ,2,{}
月明,げつめい,2,{}
日中,にっちゅう,2,{}
力説,りきせつ,2,{}
保証期間,ほしょうきかん,2,{}
毛細血管,もうさいけっかん,2,{}
肝,きも,2,{}
一礼,いちれい,2,{}
宣誓,せんせい,2,{}
字下,じさ,2,{}
生物学的,せいぶつがくてき,2,{}
宛先,あてさき,2,{}
進級,しんきゅう,2,{}
忠誠,ちゅうせい,2,{}
忠実,ちゅうじつ,2,{}
睡眠時間,すいみんじかん,2,{}
追加料金,ついかりょうきん,2,{}
簡易,かんい,2,{}
早寝,はやね,2,{}
刷,す,2,{}
店子,たなこ,2,{}
任命,にんめい,2,{}
解任,かいにん,2,{}
募集,ぼしゅう,2,{}
堆肥,たいひ,2,{}
化学肥料,かがくひりょう,2,{}
古今東西,ここんとうざい,2,{}
木彫,きぼ,2,"{""きぼり"": 1}"
伝承,でんしょう,2,{}
無効,むこう,2,{}
手触,てざわ,2,{}
世界大会,せかいたいかい,2,{}
災難,さいなん,2,{}
涙目,なみだめ,2,{}
贈答品,ぞうとうひん,2,{}
天体,てんたい,2,{}
弾丸,だんがん,2,{}
文頭,ぶんとう,2,{}
出迎,でむか,2,{}
山車,だし,2,{}
軽量,けいりょう,2,{}
怪物,かいぶつ,2,{}
広報誌,こうほうし,2,{}
険,けわ,2,{}
物理学者,ぶつりがくしゃ,2,{}
数学者,すうがくしゃ,2,{}
直訳,ちょくやく,2,{}
一般,いっぱん,2,{}
風景画,ふうけいが,2,{}
静物,せいぶつ,2,{}
日本各地,にほんかくち,2,{}
置物,おきもの,2,{}
耳飾,みみかざり,2,{}
急斜面,きゅうしゃめん,2,{}
消毒用,しょうどくよう,2,{}
飲酒,いんしゅ,2,{}
岩肌,いわはだ,2,{}
猛省,もうせい,2,{}
羽音,うおん,2,{}
独白,どくはく,2,{}
得策,とくさく,2,{}
装着,そうちゃく,2,{}
出発時刻,しゅっぱつじこく,2,{}
連打,れんだ,2,{}
書物,しょもつ,2,{}
増発,ぞうはつ,2,{}
不気味,ぶきみ,2,{}
新聞社,しんぶんしゃ,2,{}
紙面,しめん,2,{}
退路,たいろ,2,{}
遮断機,しゃだんき,2,{}
再起動,さいきどう,2,{}
必要不可欠,ひつようふかけつ,2,{}
複雑化,ふくざつか,2,{}
簡略化,かんりゃくか,2,{}
下町,したまち,2,{}
辞儀,じぎ,2,{}
空路,くうろ,2,{}
頭文字,かしらもじ,2,{}
達成感,たっせいかん,2,{}
閉幕,へいまく,2,{}
陰影,いんえい,2,{}
真理,しんり,2,{}
聖地,せいち,2,{}
巡礼,じゅんれい,2,{}
実体験,じったいけん,2,{}
壁面,へきめん,2,{}
多少,たしょう,2,{}
許容,きょよう,2,{}
成分,せいぶん,2,{}
注意喚起,ちゅういかんき,2,{}
大志,たいし,2,{}
拾得物,しゅうとくぶつ,2,{}
満載,まんさい,2,{}
消去法,しょうきょほう,2,{}
可決,かけつ,2,{}
誤作動,ごさどう,2,{}
紫外線,しがいせん,2,{}
増殖,ぞうしょく,2,{}
数日間,すうじつかん,2,{}
発表前,はっぴょうまえ,2,{}
栄養価,えいようか,2,{}
周知,しゅうち,2,{}
冠詞,かんし,2,{}
番組表,ばんぐみひょう,2,{}
早期発見,そうきはっけん,2,{}
利用者数,りようしゃすう,2,{}
増加傾向,ぞうかけいこう,2,{}
病名,びょうめい,2,{}
蟹座,かにざ,2,{}
生々,なまなま,2,{}
毎度,まいど,2,{}
省,しょう,2,"{""はぶ"": 1}"
登壇,とうだん,2,{}
旅行前,りょこうまえ,2,{}
損害,そんがい,2,{}
枯渇,こかつ,2,{}
敬虔,けいけん,2,{}
照合,しょうごう,2,{}
首脳,しゅのう,2,{}
登山口,とざんぐち,2,{}
画廊,がろう,2,{}
睡眠不足,すいみんぶそく,2,{}
救急,きゅうきゅう,2,{}
衝突,しょうとつ,2,{}
蓋,ふた,2,{}
英会話教室,えいかいわきょうしつ,2,{}
入門,にゅうもん,2,{}
顔立,かおだ,2,{}
捕獲,ほかく,2,{}
河原,かわら,2,{}
承知,しょうち,2,{}
舞踏会,ぶとうかい,2,{}
美容,びよう,2,{}
外科,げか,2,{}
銭湯,せんとう,2,{}
統括,とうかつ,2,{}
秘書,ひしょ,2,{}
緻密,ちみつ,2,{}
装丁,そうてい,2,{}
領土,りょうど,2,{}
面接試験,めんせつしけん,2,{}
受験者,じゅけんしゃ,2,{}
試験官,しけんかん,2,{}
下方,かほう,2,{}
口語表現,こうごひょうげん,2,{}
聡明,そうめい,2,{}
受診,じゅしん,2,{}
市場調査,しじょうちょうさ,2,{}
案内図,あんないず,2,{}
現在完了,げんざいかんりょう,2,{}
見聞,みき,2,{}
中庭,なかにわ,2,{}
傷口,きずぐち,2,{}
出血,しゅっけつ,2,{}
新緑,しんりょく,2,{}
作業手順,さぎょうてじゅん,2,{}
下地,したじ,2,{}
瞳孔,どうこう,2,{}
収穫量,しゅうかくりょう,2,{}
作付,さくつ,2,{}
伝説的,でんせつてき,2,{}
管制,かんせい,2,{}
非常食,ひじょうしょく,2,{}
暴力,ぼうりょく,2,{}
平和的,へいわてき,2,{}
不自由,ふじゆう,2,{}
在宅,ざいたく,2,{}
出社,しゅっしゃ,2,{}
特集記事,とくしゅうきじ,2,{}
独占的,どくせんてき,2,{}
開業,かいぎょう,2,{}
財政,ざいせい,2,{}
帰還,きかん,2,{}
楽曲,がっきょく,2,{}
波音,なみおと,2,{}
定住,ていじゅう,2,{}
機体,きたい,2,{}
色素,しきそ,2,{}
役者,やくしゃ,2,{}
採取,さいしゅ,2,{}
考古学,こうこがく,2,{}
地質学,ちしつがく,2,{}
電話機,でんわき,2,{}
高校生活,こうこうせいかつ,2,{}
馴染,なじみ,2,{}
横断,おうだん,2,{}
一週間以上,いっしゅうかんいじょう,2,{}
洋,ひろし,2,{}
不必要,ふひつよう,2,{}
学芸員,がくげいいん,2,{}
合同,ごうどう,2,{}
分断,ぶんだん,2,{}
戦車,せんしゃ,2,{}
満足度,まんぞくど,2,{}
清涼飲料水,せいりょういんりょうすい,2,{}
原材料,げんざいりょう,2,{}
一喜一憂,いっきいちゆう,2,{}
繰,く,2,{}
通販,つうはん,2,{}
洞察,どうさつ,2,{}
酒類,さけるい,2,{}
写実的,しゃじつてき,2,{}
承諾,しょうだく,2,{}
芸術的,げいじゅつてき,2,{}
大気,たいき,2,{}
退廃的,たいはいてき,2,{}
市議会,しぎかい,2,{}
駆使,くし,2,{}
信仰,しんこう,2,{}
色濃,いろこ,2,{}
年代物,ねんだいもの,2,{}
電流,でんりゅう,2,{}
体調不良,たいちょうふりょう,2,{}
医療現場,いりょうげんば,2,{}
身体的,しんたいてき,2,{}
金銭的,きんせんてき,2,{}
保存方法,ほぞんほうほう,2,{}
方々,かたがた,2,{}
増額,ぞうがく,2,{}
小売業,こうりぎょう,2,{}
卸売,おろしうり,2,{}
土器,どき,2,{}
新企画,しんきかく,2,{}
助成金,じょせいきん,2,{}
温室効果,おんしつこうか,2,{}
婚約中,こんやくちゅう,2,{}
農具,のうぐ,2,{}
経済面,けいざいめん,2,{}
警報音,けいほうおん,2,{}
仰,あお,2,"{""ぎょう"": 1}"
数千年,すうせんねん,2,{}
共和制,きょうわせい,2,{}
品揃,しなぞろ,2,{}
陳列,ちんれつ,2,{}
書写,しょしゃ,2,{}
駐輪場,ちゅうりんじょう,2,{}
円形,えんけい,2,{}
早退,そうたい,2,{}
修理費,しゅうりひ,2,{}
西部劇,せいぶげき,2,{}
出所,しゅっしょ,2,{}
社会復帰,しゃかいふっき,2,{}
犯,おか,2,"{""はん"": 2}"
低下,ていか,2,{}
囚人,しゅうじん,2,{}
国籍,こくせき,2,{}
発売初日,はつばいしょにち,2,{}
利用可能,りようかのう,2,{}
入手可能,にゅうしゅかのう,2,{}
誤魔化,ごまか,2,{}
文房具屋,ぶんぼうぐや,2,{}
密,ひそ,2,"{""みつ"": 1}"
海洋生物,かいようせいぶつ,2,{}
新卒,しんそつ,2,{}
卓越,たくえつ,2,{}
立地条件,りっちじょうけん,2,{}
朝一番,あさいちばん,2,{}
二十,にじゅう,2,{}
佃煮,つくだに,2,{}
単複,たんふく,2,{}
同形,どうけい,2,{}
単発,たんぱつ,2,{}
精,せい,2,{}
開拓,かいたく,2,{}
礎,いしずえ,2,{}
見回,みまわ,2,{}
石器,せっき,2,{}
解明,かいめい,2,{}
語学,ごがく,2,{}
植民地,しょくみんち,2,{}
偉大,いだい,2,{}
鉄分,てつぶん,2,{}
原産,げんさん,2,{}
完成後,かんせいご,2,{}
東西,とうざい,2,{}
汲,く,2,{}
理性,りせい,2,{}
貧困,ひんこん,2,{}
四時,よじ,2,{}
日常会話,にちじょうかいわ,2,{}
弟子,でし,2,{}
真相,しんそう,2,{}
正門,せいもん,2,{}
創立者,そうりつしゃ,2,{}
移転,いてん,2,{}
改名,かいめい,2,{}
征服,せいふく,2,{}
着任,ちゃくにん,2,{}
炭火,すみび,2,{}
初夏,しょか,2,{}
肌寒,はださむ,2,{}
合体案,がったいあん,2,{}
灰皿,はいざら,2,{}
作業机,さぎょうづくえ,2,{}
生贄,いけにえ,2,{}
加害者,かがいしゃ,2,{}
新婚旅行,しんこんりょこう,2,{}
卒業旅行,そつぎょうりょこう,2,{}
身元,みもと,2,{}
弁護人,べんごにん,2,{}
摩擦,まさつ,2,{}
再確認,さいかくにん,2,{}
交替,こうたい,2,{}
病室,びょうしつ,2,{}
圧倒,あっとう,2,{}
高所,こうしょ,2,{}
架,か,2,{}
黄金色,こがねいろ,2,{}
小旅行,しょうりょこう,2,{}
予防策,よぼうさく,2,{}
実験中,じっけんちゅう,2,{}
訂正印,ていせいいん,2,{}
受理,じゅり,2,{}
不明瞭,ふめいりょう,2,{}
原理,げんり,2,{}
堅苦,かたくる,2,{}
棚卸,たなおろ,2,{}
地理学,ちりがく,2,{}
予備校,よびこう,2,{}
一台,いちだい,2,{}
仕事中,しごとちゅう,2,{}
教育現場,きょういくげんば,2,{}
会期,かいき,2,{}
迷信,めいしん,2,{}
翌月,よくげつ,2,{}
防護,ぼうご,2,{}
細菌,さいきん,2,{}
免疫,めんえき,2,{}
美容師,びようし,2,{}
前代未聞,ぜんだいみもん,2,{}
直結,ちょっけつ,2,{}
野鳥,やちょう,2,{}
薬剤,やくざい,2,{}
古物商,こぶつしょう,2,{}
体感温度,たいかんおんど,2,{}
着込,きこ,2,{}
外出時間,がいしゅつじかん,2,{}
適性,てきせい,2,{}
数万年,すうまんねん,2,{}
事故発生,じこはっせい,2,{}
鑑賞,かんしょう,2,{}
比較的,ひかくてき,2,{}
格差,かくさ,2,{}
太古,たいこ,2,{}
毛皮,けがわ,2,{}
疾患,しっかん,2,{}
無罪,むざい,2,{}
純真,じゅんしん,2,{}
下見,したみ,2,{}
夕刊,ゆうかん,2,{}
衝撃的,しょうげきてき,2,{}
有志,ゆうし,2,{}
改修工事,かいしゅうこうじ,2,{}
翌春,よくしゅん,2,{}
九九,くく,2,{}
陳列棚,ちんれつだな,2,{}
豆乳,とうにゅう,2,{}
応対,おうたい,2,{}
研修生,けんしゅうせい,2,{}
星形,ほしがた,2,{}
植林,しょくりん,2,{}
果樹園,かじゅえん,2,{}
以降,いこう,2,{}
祝辞,しゅくじ,2,{}
幻想的,げんそうてき,2,{}
非現実的,ひげんじつてき,2,{}
来週月曜,らいしゅうげつよう,2,{}
貯水,ちょすい,2,{}
過多,かた,2,{}
歴史上,れきしじょう,2,{}
風力発電,ふうりょくはつでん,2,{}
指紋,しもん,2,{}
疑惑,ぎわく,2,{}
体幹,たいかん,2,{}
暗唱,あんしょう,2,{}
配属,はいぞく,2,{}
古代史,こだいし,2,{}
体力消耗,たいりょくしょうもう,2,{}
運営方法,うんえいほうほう,2,{}
触覚,しょっかく,2,{}
文学賞,ぶんがくしょう,2,{}
診,み,2,{}
領域,りょういき,2,{}
保守派,ほしゅは,2,{}
容態,ようたい,2,{}
別物,べつもの,2,{}
商業的,しょうぎょうてき,2,{}
人手,ひとで,2,{}
法律的,ほうりつてき,2,{}
二年,にねん,2,{}
憲法,けんぽう,2,{}
下線,かせん,2,{}
旧市街,きゅうしがい,2,{}
進行形,しんこうけい,2,{}
序章,じょしょう,2,{}
量産,りょうさん,2,{}
快,こころよ,2,{}
形式上,けいしきじょう,2,{}
建設中,けんせつちゅう,2,{}
足場,あしば,2,{}
崩壊,ほうかい,2,{}
潜在能力,せんざいのうりょく,2,{}
反対者,はんたいしゃ,2,{}
旅行費用,りょこうひよう,2,{}
宿泊費,しゅくはくひ,2,{}
職場環境,しょくばかんきょう,2,{}
組合,くみあい,2,{}
専門誌,せんもんし,2,{}
著作権,ちょさくけん,2,{}
家庭内,かていない,2,{}
当番制,とうばんせい,2,{}
庭仕事,にわしごと,2,{}
無給,むきゅう,2,{}
地球上,ちきゅうじょう,2,{}
生物種,せいぶつしゅ,2,{}
人類共通,じんるいきょうつう,2,{}
妊娠,にんしん,2,{}
根幹,こんかん,2,{}
判例,はんれい,2,{}
未着手,みちゃくしゅ,2,{}
実測,じっそく,2,{}
不親切,ふしんせつ,2,{}
就任演説,しゅうにんえんぜつ,2,{}
保護区,ほごく,2,{}
外壁,がいへき,2,{}
見積書,みつもりしょ,2,{}
大音響,だいおんきょう,2,{}
気象学者,きしょうがくしゃ,2,{}
百科事典,ひゃっかじてん,2,{}
新装,しんそう,2,{}
法外,ほうがい,2,{}
事項,じこう,2,{}
返信用,へんしんよう,2,{}
英検,えいけん,2,{}
準,じゅん,2,{}
本編,ほんぺん,2,{}
休憩時間,きゅうけいじかん,2,{}
確定申告,かくていしんこく,2,{}
建築士,けんちくし,2,{}
気分転換,きぶんてんかん,2,{}
別離,べつり,2,{}
職業訓練,しょくぎょうくんれん,2,{}
前回,ぜんかい,2,{}
仮想現実,かそうげんじつ,2,{}
幻想,げんそう,2,{}
夏季,かき,2,{}
合否,ごうひ,2,{}
再販,さいはん,2,{}
調査結果,ちょうさけっか,2,{}
盗作,とうさく,2,{}
文章題,ぶんしょうだい,2,{}
消失,しょうしつ,2,{}
駅構内,えきこうない,2,{}
早々,そうそう,2,{}
開設,かいせつ,2,{}
年次,ねんじ,2,{}
旧,きゅう,2,{}
農法,のうほう,2,{}
耕作,こうさく,2,{}
畜産,ちくさん,2,{}
物価,ぶっか,2,{}
対応策,たいおうさく,2,{}
親身,しんみ,2,{}
問題視,もんだいし,2,{}
離別,りべつ,2,{}
問答,もんどう,2,{}
戦勝,せんしょう,2,{}
国家試験,こっかしけん,2,{}
休園,きゅうえん,2,{}
破壊的,はかいてき,2,{}
記念館,きねんかん,2,{}
見越,みこ,2,{}
宇宙開発,うちゅうかいはつ,2,{}
未開封,みかいふう,2,{}
地震予知,じしんよち,2,{}
遭,あ,2,{}
退院後,たいいんご,2,{}
不幸,ふこう,2,{}
京都駅,きょうとえき,2,{}
数倍,すうばい,2,{}
途方,とほう,2,{}
救急隊,きゅうきゅうたい,2,{}
売買,ばいばい,2,{}
初診,しょしん,2,{}
診察室,しんさつしつ,2,{}
出発地,しゅっぱつち,2,{}
経由地,けいゆち,2,{}
中間地点,ちゅうかんちてん,2,{}
意義深,いぎぶか,2,{}
授,さず,2,{}
前倒,まえだお,2,{}
教育方針,きょういくほうしん,2,{}
新聞各紙,しんぶんかくし,2,{}
賛否両論,さんぴりょうろん,2,{}
物議,ぶつぎ,2,{}
宗教家,しゅうきょうか,2,{}
歴史学,れきしがく,2,{}
修復作業,しゅうふくさぎょう,2,{}
間投詞,かんとうし,2,{}
弱火,よわび,2,{}
錨,いかり,2,{}
朝霧,あさぎり,2,{}
蝋燭,ろうそく,2,{}
節度,せつど,2,{}
群生,ぐんせい,2,{}
葦,あし,2,{}
鋲,びょう,2,{}
染料,せんりょう,2,{}
歯茎,はぐき,2,{}
顎,あご,2,{}
旅程,りょてい,2,{}
円錐,えんすい,2,{}
立方体,りっぽうたい,2,{}
強烈,きょうれつ,2,{}
納屋,なや,2,{}
勲章,くんしょう,2,{}
良質,りょうしつ,2,{}
軸,じく,2,{}
色調,しきちょう,2,{}
葛藤,かっとう,2,{}
焚,た,2,{}
向日葵,ひまわり,2,{}
慕,した,2,{}
雄羊,おすひつじ,2,{}
一団,いちだん,2,{}
侮蔑,ぶべつ,2,{}
投球,とうきゅう,2,{}
畏敬,いけい,2,{}
雨脚,あまあし,2,{}
葡萄,ぶどう,2,{}
酸性,さんせい,2,{}
石灰,せっかい,2,{}
増員,ぞういん,2,{}
抽出,ちゅうしゅつ,2,{}
雀,すずめ,2,{}
新造船,しんぞうせん,2,{}
静謐,せいひつ,2,{}
三人組,さんにんぐみ,2,{}
独奏,どくそう,2,{}
雲雀,うんじゃく,2,{}
梁,はり,2,{}
東方,とうほう,2,{}
北方,ほっぽう,2,{}
西方,せいほう,2,{}
鎮静,ちんせい,2,{}
栄養剤,えいようざい,2,{}
布地,ぬのじ,2,{}
雪深,ゆきぶか,2,{}
住職,じゅうしょく,2,{}
稽古場,けいこば,2,{}
知性,ちせい,2,{}
機知,きち,2,{}
腸,ちょう,2,{}
和音,わおん,2,{}
路面,ろめん,2,{}
児童,じどう,2,{}
取扱,とりあつかい,2,"{""とりあつか"": 1}"
印字,いんじ,2,{}
購入者,こうにゅうしゃ,2,{}
実用化,じつようか,2,{}
今季,こんき,2,{}
中性,ちゅうせい,2,{}
闘争,とうそう,2,{}
減速,げんそく,2,{}
稽古,けいこ,2,{}
弓道,きゅうどう,2,{}
悠然,ゆうぜん,2,{}
質屋,しちや,2,{}
数百年,すうひゃくねん,2,{}
書庫,しょこ,2,{}
持参金,じさんきん,2,{}
安定性,あんていせい,2,{}
流動的,りゅうどうてき,2,{}
長大,ちょうだい,2,{}
樽,たる,2,{}
発疹,はっしん,2,{}
指標,しひょう,2,{}
掴,つか,2,{}
急増,きゅうぞう,2,{}
甲板,かんぱん,2,{}
山岳,さんがく,2,{}
前髪,まえがみ,2,{}
希薄,きはく,2,{}
咳,せき,2,{}
静的,せいてき,2,{}
古書市,こしょいち,2,{}
山中,さんちゅう,2,{}
商店,しょうてん,2,{}
肋骨,ろっこつ,2,{}
見過,みす,2,{}
消化,しょうか,2,{}
存分,ぞんぶん,2,{}
腫瘍,しゅよう,2,{}
雑費,ざっぴ,2,{}
次回作,じかいさく,2,{}
夢想,むそう,2,{}
直立,ちょくりつ,2,{}
車列,しゃれつ,2,{}
艦隊,かんたい,2,{}
一打,いちだ,2,{}
米国式,べいこくしき,2,{}
振込,ふりこみ,2,{}
形見,かたみ,2,{}
生来,せいらい,2,{}
石材,せきざい,2,{}
登頂,とうちょう,2,{}
艶,つや,2,{}
他者,たしゃ,2,{}
刷新,さっしん,2,{}
未整理,みせいり,2,{}
住人,じゅうにん,2,{}
知見,ちけん,2,{}
市庁舎,しちょうしゃ,2,{}
賛美,さんび,2,{}
南国,なんごく,2,{}
箇条書,かじょうが,2,{}
背表紙,せびょうし,2,{}
禁酒,きんしゅ,2,{}
試行錯誤,しこうさくご,2,{}
霊,れい,2,{}
命題,めいだい,2,{}
表舞台,おもてぶたい,2,{}
鬱,うつ,2,{}
温和,おんわ,2,{}
明朗,めいろう,2,{}
強権,きょうけん,2,{}
尊,とうと,2,{}
受験生,じゅけんせい,2,{}
緊張感,きんちょうかん,2,{}
絵筆,えふで,2,{}
妥協点,だきょうてん,2,{}
解説書,かいせつしょ,2,{}
民主,みんしゅ,2,{}
数十,すうじゅう,2,{}
辿,たど,2,{}
粗暴,そぼう,2,{}
俯瞰,ふかん,2,{}
戦中,せんちゅう,2,{}
手記,しゅき,2,{}
伊語,いご,2,{}
舞踊家,ぶとうか,2,{}
頑強,がんきょう,2,{}
構成要素,こうせいようそ,2,{}
佇,たたず,2,{}
来賓,らいひん,2,{}
品位,ひんい,2,{}
頑,かたく,2,{}
溜,た,2,{}
作品集,さくひんしゅう,2,{}
奥地,おくち,2,{}
研究分野,けんきゅうぶんや,2,{}
招待講演,しょうたいこうえん,2,{}
同等,どうとう,2,{}
煎餅,せんべい,2,{}
連絡手段,れんらくしゅだん,2,{}
終焉,しゅうえん,2,{}
懐疑,かいぎ,2,{}
極地,きょくち,2,{}
眼,め,2,{}
情報発信,じょうほうはっしん,2,{}
履歴,りれき,2,{}
講評,こうひょう,2,{}
結婚式場,けっこんしきじょう,2,{}
介添,かいぞえ,2,{}
機微,きび,2,{}
苗木,なえぎ,2,{}
院,いん,2,{}
触媒,しょくばい,2,{}
凝固,ぎょうこ,2,{}
辛抱,しんぼう,2,{}
装飾品,そうしょくひん,2,{}
退避,たいひ,2,{}
滞,とどこお,2,{}
失効,しっこう,2,{}
天秤,てんびん,2,{}
称号,しょうごう,2,{}
百貨店,ひゃっかてん,2,{}
精力的,せいりょくてき,2,{}
最重要,さいじゅうよう,2,{}
反射的,はんしゃてき,2,{}
虐殺,ぎゃくさつ,2,{}
物言,ものい,2,{}
剪定,せんてい,2,{}
翻訳家,ほんやくか,2,{}
師匠,ししょう,2,{}
画材,がざい,2,{}
単独,たんどく,2,{}
偉業,いぎょう,2,{}
草稿,そうこう,2,{}
吟味,ぎんみ,2,{}
被告人,ひこくにん,2,{}
陪審員,ばいしんいん,2,{}
大麦,おおむぎ,2,{}
志,こころざ,2,"{""こころざし"": 1}"
陳腐,ちんぷ,2,{}
偶像視,ぐうぞうし,2,{}
欠陥,けっかん,2,{}
堅固,けんご,2,{}
若々,わかわか,2,{}
申,もう,2,{}
風情,ふぜい,2,{}
年度末,ねんどまつ,2,{}
息抜,いきぬ,2,{}
稀有,けう,2,{}
余地,よち,2,{}
慈悲,じひ,2,{}
判断力,はんだんりょく,2,{}
修繕,しゅうぜん,2,{}
遮断,しゃだん,2,{}
大局,たいきょく,2,{}
地平,ちへい,2,{}
船舶,せんぱく,2,{}
思慮,しりょ,2,{}
節,ふし,2,{}
初歩,しょほ,2,{}
熟達,じゅくたつ,2,{}
発売,はつばい,2,{}
増強,ぞうきょう,2,{}
手厚,てあつ,2,{}
手堅,てがた,2,{}
媒体,ばいたい,2,{}
立法府,りっぽうふ,2,{}
司法,しほう,2,{}
地表,ちひょう,2,{}
見慣,みな,2,{}
報奨,ほうしょう,2,{}
豪奢,ごうしゃ,2,{}
補修,ほしゅう,2,{}
新設,しんせつ,2,{}
学部,がくぶ,2,{}
平易,へいい,2,{}
航路,こうろ,2,{}
黙殺,もくさつ,2,{}
音感,おんかん,2,{}
税,ぜい,2,{}
銀行員,ぎんこういん,2,{}
音節,おんせつ,2,{}
山間部,さんかんぶ,2,{}
優美,ゆみ,2,{}
手仕事,てしごと,2,{}
活発化,かっぱつか,2,{}
人種差別,じんしゅさべつ,2,{}
無礼,ぶれい,2,{}
道徳的,どうとくてき,2,{}
代償,だいしょう,2,{}
社交,しゃこう,2,{}
登壇者,とうだんしゃ,2,{}
立候補,りっこうほ,2,{}
温泉地,おんせんち,2,{}
塩素,えんそ,2,{}
送金,そうきん,2,{}
一頭,いちず,2,{}
裏取,うらど,2,{}
消防隊,しょうぼうたい,2,{}
協力者,きょうりょくしゃ,2,{}
辞職,じしょく,2,{}
半世紀,はんせいき,2,{}
世論,よろん,2,{}
新法,しんぽう,2,{}
再婚,さいこん,2,{}
学習法,がくしゅうほう,2,{}
閑散期,かんさんき,2,{}
歓,かん,2,{}
熱中,ねっちゅう,2,{}
永続,えいぞく,2,{}
同盟,どうめい,2,{}
連邦,れんぽう,2,{}
夏場,なつば,2,{}
下痢,げり,2,{}
嘔吐,おうと,2,{}
暴動,ぼうどう,2,{}
他社,たしゃ,2,{}
試飲,しいん,2,{}
欺,あざむ,2,{}
霜害,そうがい,2,{}
大手,おおて,2,{}
台詞,せりふ,2,{}
舞台俳優,ぶたいはいゆう,2,{}
鏡台,きょうだい,2,{}
作品世界,さくひんせかい,2,{}
無責任,むせきにん,2,{}
出席者,しゅっせきしゃ,2,{}
所在,しょざい,2,{}
精密検査,せいみつけんさ,2,{}
宿泊所,しゅくはくじょ,2,{}
反論,はんろん,2,{}
自主性,じしゅせい,2,{}
政権,せいけん,2,{}
自身,じしん,2,{}
用具,ようぐ,2,{}
軽視,けいし,2,{}
業務用,ぎょうむよう,2,{}
降下,こうか,2,{}
大差,たいさ,2,{}
終始,しゅうし,2,{}
口外,こうがい,2,{}
有機物,ゆうきぶつ,2,{}
明記,めいき,2,{}
各所,かくしょ,2,{}
消費電力,しょうひでんりょく,2,{}
養分,ようぶん,2,{}
正当,せいとう,2,{}
急激,きゅうげき,2,{}
独断,どくだん,2,{}
最前線,さいぜんせん,2,{}
来店客,らいてんきゃく,2,{}
立案,りつあん,2,{}
圧縮,あっしゅく,2,{}
出典,しゅってん,2,{}
当日券,とうじつけん,2,{}
規律,きりつ,2,{}
落札,らくさつ,2,{}
経営方針,けいえいほうしん,2,{}
営業部,えいぎょうぶ,2,{}
新体制,しんたいせい,2,{}
始動,しどう,2,{}
若年層,じゃくねんそう,2,{}
百万,ひゃくまん,2,{}
絶版,ぜっぱん,2,{}
卑劣,ひれつ,2,{}
貯蔵,ちょぞう,2,{}
療養,りょうよう,2,{}
継続的,けいぞくてき,2,{}
違反者,いはんしゃ,2,{}
気象学,きしょうがく,2,{}
探査,たんさ,2,{}
再解釈,さいかいしゃく,2,{}
未使用,みしよう,2,{}
略称,りゃくしょう,2,{}
医療機器,いりょうきき,2,{}
感慨,かんがい,2,{}
強迫観念,きょうはくかんねん,2,{}
少数,しょうすう,2,{}
遠征,えんせい,2,{}
安全確保,あんぜんかくほ,2,{}
観光案内所,かんこうあんないじょ,2,{}
規定,きてい,2,{}
自然保護,しぜんほご,2,{}
指名,しめい,2,{}
近距離,きんきょり,2,{}
不透明,ふとうめい,2,{}
下山,げざん,2,{}
農産物,のうさんぶつ,2,{}
戦闘機,せんとうき,2,{}
営業活動,えいぎょうかつどう,2,{}
天性,てんせい,2,{}
現実主義者,げんじつしゅぎしゃ,2,{}
楽観主義者,らっかんしゅぎしゃ,2,{}
情報部門,じょうほうぶもん,2,{}
冬場,ふゆば,2,{}
行間,ぎょうかん,2,{}
知覚,ちかく,2,{}
貸出,たいしゅつ,2,{}
新政,しんせい,2,{}
清廉,せいれん,2,{}
問題点,もんだいてん,2,{}
五年,ごねん,2,{}
差別的,さべつてき,2,{}
書籍,しょせき,2,{}
増税,ぞうぜい,2,{}
是非,ぜひ,2,{}
社説,しゃせつ,2,{}
求人,きゅうじん,2,{}
無愛想,ぶあいそう,2,{}
半分以下,はんぶんいか,2,{}
今夏,こんか,2,{}
焦点,しょうてん,2,{}
内面,ないめん,2,{}
出品,しゅっぴん,2,{}
完遂,かんすい,2,{}
写実主義,しゃじつしゅぎ,2,{}
古典主義,こてんしゅぎ,2,{}
淡々,たんたん,2,{}
緊密,きんみつ,2,{}
降伏,こうふく,2,{}
戦況,せんきょう,2,{}
使者,ししゃ,2,{}
気乗,きの,2,{}
短期的,たんきてき,2,{}
難病,なんびょう,2,{}
健全,けんぜん,2,{}
人称,にんしょう,2,{}
老朽化,ろうきゅうか,2,{}
役員,やくいん,2,{}
事務職,じむしょく,2,{}
独立後,どくりつご,2,{}
決算,けっさん,2,{}
観測所,かんそくじょ,2,{}
手立,てだ,2,{}
山岳地帯,さんがくちたい,2,{}
契機,けいき,2,{}
霊廟,れいびょう,2,{}
糧,かて,2,{}
抑止,よくし,2,{}
軍人,ぐんじん,2,{}
散発的,さんぱつてき,2,{}
柔軟性,じゅうなんせい,2,{}
合意形成,ごういけいせい,2,{}
海外向,かいがいむ,2,{}
前提条件,ぜんていじょうけん,2,{}
瑣末,さまつ,2,{}
論争,ろんそう,2,{}
大虐殺,だいぎゃくさつ,2,{}
残業時間,ざんぎょうじかん,2,{}
予定者,よていしゃ,2,{}
即時,そくじ,2,{}
固定観念,こていかんねん,2,{}
結核,けっかく,2,{}
三年以上,さんねんいじょう,2,{}
対象外,たいしょうがい,2,{}
豊穣,ほうじょう,2,{}
将来性,しょうらいせい,2,{}
毎時,まいじ,2,{}
景品,けいひん,2,{}
土壇場,どたんば,2,{}
理想主義,りそうしゅぎ,2,{}
結果的,けっかてき,2,{}
生産性,せいさんせい,2,{}
速報,そくほう,2,{}
質疑応答,しつぎおうとう,2,{}
安全運転,あんぜんうんてん,2,{}
気圧計,きあつけい,2,{}
温度計,おんどけい,2,{}
今期,こんき,2,{}
堅調,けんちょう,2,{}
総括,そうかつ,2,{}
十字路,じゅうじろ,2,{}
補足的,ほそくてき,2,{}
容易,ようい,2,{}
率先,そっせん,2,{}
毎春,まいはる,2,{}
近隣住民,きんりんじゅうみん,2,{}
半減,はんげん,2,{}
立法,りっぽう,2,{}
整備状況,せいびじょうきょう,2,{}
利便性,りべんせい,2,{}
観光資源,かんこうしげん,2,{}
緑地,りょくち,2,{}
回路,かいろ,2,{}
投獄,とうごく,2,{}
転覆,てんぷく,2,{}
過小評価,かしょうひょうか,2,{}
労務,ろうむ,2,{}
建材,けんざい,2,{}
運転者,うんてんしゃ,2,{}
終点,しゅうてん,2,{}
放射線療法,ほうしゃせんりょうほう,2,{}
関係省庁,かんけいしょうちょう,2,{}
厳選,げんせん,2,{}
導入後,どうにゅうご,2,{}
具体性,ぐたいせい,2,{}
実力者,じつりょくしゃ,2,{}
庶民,しょみん,2,{}
殺到,さっとう,2,{}
申請書類,しんせいしょるい,2,{}
退潮,たいちょう,2,{}
心得,こころえ,2,{}
教育機関,きょういくきかん,2,{}
監督者,かんとくしゃ,2,{}
工程表,こうていひょう,2,{}
大雑把,おおざっぱ,2,{}
自動詞,じどうし,2,{}
他動詞,たどうし,2,{}
金属加工,きんぞくかこう,2,{}
強豪,きょうごう,2,{}
弱小,じゃくしょう,2,{}
安全確認,あんぜんかくにん,2,{}
委任,いにん,2,{}
義父,ぎふ,2,{}
難航,なんこう,2,{}
含意,がんい,2,{}
永続性,えいぞくせい,2,{}
新規参入,しんきさんにゅう,2,{}
苦境,くきょう,2,{}
愛国心,あいこくしん,2,{}
理論上,りろんじょう,2,{}
異文化,いぶんか,2,{}
侵害,しんがい,2,{}
容体,ようたい,2,{}
同一性,どういつせい,2,{}
社内規定,しゃないきてい,2,{}
呼吸器,こきゅうき,2,{}
無許可,むきょか,2,{}
階級,かいきゅう,2,{}
五年間,ごねんかん,2,{}
共同開発,きょうどうかいはつ,2,{}
下請,したうけ,2,{}
情報技術,じょうほうぎじゅつ,2,{}
決裁,けっさい,2,{}
無秩序,むちつじょ,2,{}
人事部,じんじぶ,2,{}
評,ひょう,2,{}
区間,くかん,2,{}
開通,かいつう,2,{}
修了,しゅうりょう,2,{}
案内文,あんないぶん,2,{}
首尾一貫,しゅびいっかん,2,{}
参入,さんにゅう,2,{}
十分満足,じゅうぶんまんぞく,2,{}
広報,こうほう,2,{}
馳,は,2,{}
在校,ざいこう,2,{}
舎,しゃ,2,{}
実用性,じつようせい,2,{}
実用,じつよう,2,{}
水資源,みずしげん,2,{}
新住民,しんじゅうみん,2,{}
好感,こうかん,2,{}
理解度,りかいど,2,{}
転職,てんしょく,2,{}
事後,じご,2,{}
分解,ぶんかい,2,{}
投資計画,とうしけいかく,2,{}
医,い,2,{}
運営側,うんえいがわ,2,{}
学術論文,がくじゅつろんぶん,2,{}
本社,ほんしゃ,2,{}
公衆衛生,こうしゅうえいせい,2,{}
従事,じゅうじ,2,{}
輸出業,ゆしゅつぎょう,2,{}
訪問,ほうもん,2,{}
拡充,かくじゅう,2,{}
再検討,さいけんとう,2,{}
用途,ようと,2,{}
突破口,とっぱこう,2,{}
搬送,はんそう,2,{}
尽力,じんりょく,2,{}
対人,たいじん,2,{}
良好,りょうこう,2,{}
大変革,だいへんかく,2,{}
実験計画,じっけんけいかく,2,{}
耐震,たいしん,2,{}
先進的,せんしんてき,2,{}
試練,しれん,2,{}
所見,しょけん,2,{}
包括的,ほうかつてき,2,{}
年数,ねんすう,2,{}
定着率,ていちゃくりつ,2,{}
減額,げんがく,2,{}
考慮,こうりょ,2,{}
防錆,ぼうせい,2,{}
排出量,はいしゅつりょう,2,{}
期間中,きかんちゅう,2,{}
研究発表,けんきゅうはっぴょう,2,{}
交通機関,こうつうきかん,2,{}
仮面,かめん,1,{}
基本語,きほんご,1,{}
何歳,なんさい,1,{}
全周,ぜんしゅう,1,{}
南半球,みなみはんきゅう,1,{}
勝敗,しょうはい,1,{}
球状,きゅうじょう,1,{}
相手選手,あいてせんしゅ,1,{}
赤十字,せきじゅうじ,1,{}
減点,げんてん,1,{}
南向,みなみむ,1,{}
畳半,じょうはん,1,{}
闘志,とうし,1,{}
夜行性,やこうせい,1,{}
青信号,あおしんごう,1,{}
素,もと,1,{}
個人用,こじんよう,1,{}
頭以外,あたまいがい,1,{}
胴体,どうたい,1,{}
掲示物,けいじぶつ,1,{}
中見,なかみ,1,{}
進法,しんほう,1,{}
頭髪,とうはつ,1,{}
体毛,たいもう,1,{}
洗車,せんしゃ,1,{}
国際連合,こくさいれんごう,1,{}
黒色,こくしょく,1,{}
毛束,けたば,1,{}
短距離走者,たんきょりそうしゃ,1,{}
会話的,かいわてき,1,{}
一握,ひとにぎ,1,{}
綺麗,きれい,1,{}
巨峰,きょほう,1,{}
一房,かずふさ,1,{}
日本食,にほんしょく,1,{}
橙,だいだい,1,{}
音順,おんじゅん,1,{}
黄身,きみ,1,{}
道案内,みちあんない,1,{}
蛾,が,1,{}
鍵盤楽器,けんばんがっき,1,{}
時間半,じかんはん,1,{}
疑問文,ぎもんぶん,1,{}
伴奏,ばんそう,1,{}
課題曲,かだいきょく,1,{}
家族用,かぞくよう,1,{}
自家用,じかよう,1,{}
朝家,ちょうか,1,{}
何時,なんじ,1,{}
毎食,まいしょく,1,{}
内野手,ないやしゅ,1,{}
外野手,がいやしゅ,1,{}
豪,ごう,1,{}
洗面台,せんめんだい,1,{}
幅跳,はばとび,1,{}
柴犬,しばいぬ,1,{}
醤油,しょうゆ,1,{}
薄着,うすぎ,1,{}
問題数,もんだいすう,1,{}
一生懸命,いっしょうけんめい,1,{}
盤,ばん,1,{}
明後日,みょうごにち,1,{}
英米,えいべい,1,{}
春夏秋冬,しゅんかしゅうとう,1,{}
米大統領,べいだいとうりょう,1,{}
官邸,かんてい,1,{}
外野,がいや,1,{}
参,まい,1,{}
神道,しんとう,1,{}
寓話,ぐうわ,1,{}
色鉛筆,いろえんぴつ,1,{}
中南米,ちゅうなんべい,1,{}
座標,ざひょう,1,{}
乗馬,じょうば,1,{}
湘南,しょうなん,1,{}
一番人気,いちばんにんき,1,{}
高度成長,こうどせいちょう,1,{}
土日,どにち,1,{}
隅田,すみだ,1,{}
故,ゆえ,1,{}
東海岸,ひがしかいがん,1,{}
雷神,らいじん,1,{}
購買,こうばい,1,{}
支配者,しはいしゃ,1,{}
万里,ばんり,1,{}
長城,ちょうじょう,1,{}
円玉,えんだま,1,{}
倍数,ばいすう,1,{}
少人数,しょうにんずう,1,{}
年齢層,ねんれいそう,1,{}
上野動物園,うえのどうぶつえん,1,{}
固有,こゆう,1,{}
学校生活,がっこうせいかつ,1,{}
目隠,めかく,1,{}
木管楽器,もっかんがっき,1,{}
学級委員,がっきゅういいん,1,{}
果樹,かじゅ,1,{}
山田,やまだ,1,{}
太郎,たろう,1,{}
大晦日,おおみそか,1,{}
片側,かたがわ,1,{}
国会議事堂,こっかいぎじどう,1,{}
台湾,たいわん,1,{}
元々,もともと,1,{}
家系図,かけいず,1,{}
抱負,ほうふ,1,{}
発祥地,はっしょうち,1,{}
遥,はる,1,{}
甲子園,こうしえん,1,{}
運動場,うんどうじょう,1,{}
日本料理,にほんりょうり,1,{}
万語,まんご,1,{}
英和辞典,えいわじてん,1,{}
運転免許,うんてんめんきょ,1,{}
原付,げんつき,1,{}
大型連休,おおがたれんきゅう,1,{}
練習日,れんしゅうび,1,{}
新宿駅,しんじゅくえき,1,{}
番号順,ばんごうじゅん,1,{}
再来年,さらいねん,1,{}
大学受験,だいがくじゅけん,1,{}
初球,しょきゅう,1,{}
胸元,むなもと,1,{}
幼稚園児,ようちえんじ,1,{}
草花,くさばな,1,{}
工事中,こうじちゅう,1,{}
伝票,でんぴょう,1,{}
眼下,がんか,1,{}
二番目,にばんめ,1,{}
盆踊,ぼんおど,1,{}
陸上競技場,りくじょうきょうぎじょう,1,{}
走路,そうろ,1,{}
世界大戦,せかいたいせん,1,{}
強制力,きょうせいりょく,1,{}
和製,わせい,1,{}
広間,ひろま,1,{}
墨汁,ぼくじゅう,1,{}
着陸,ちゃくりく,1,{}
睡眠中,すいみんちゅう,1,{}
密林,みつりん,1,{}
封,ふう,1,{}
茶菓子,ちゃがし,1,{}
雪景色,ゆきげしき,1,{}
退治,たいじ,1,{}
達人,たつじん,1,{}
昔々,むかしむかし,1,{}
喜怒哀楽,きどあいらく,1,{}
陸上部,りくじょうぶ,1,{}
調理師,ちょうりし,1,{}
指折,ゆびお,1,{}
大水槽,だいすいそう,1,{}
仕事用,しごとよう,1,{}
食事用,しょくじよう,1,{}
私語,しご,1,{}
黒々,くろぐろ,1,{}
学生服,がくせいふく,1,{}
年老,としお,1,"{""としより"": 1}"
水彩,すいさい,1,{}
留守番電話,るすばんでんわ,1,{}
伝言,でんごん,1,{}
紅白歌合戦,こうはくうたがっせん,1,{}
当機,とうき,1,{}
離陸,りりく,1,{}
直売,ちょくばい,1,{}
集合写真,しゅうごうしゃしん,1,{}
閃光,せんこう,1,{}
音楽番組,おんがくばんぐみ,1,{}
棚田,たなだ,1,{}
挽回,ばんかい,1,{}
水墨画,すいぼくが,1,{}
普段着,ふだんぎ,1,{}
一大,いちだい,1,{}
子孫,しそん,1,{}
奥歯,おくば,1,{}
目医者,めいしゃ,1,{}
立入禁止,たちいりきんし,1,{}
右手,みぎて,1,{}
直進,ちょくしん,1,{}
花丸,はなまる,1,{}
平均的,へいきんてき,1,{}
星型,ほしがた,1,{}
小学生以下,しょうがくせいいか,1,{}
入場料,にゅうじょうりょう,1,{}
工場見学,こうじょうけんがく,1,{}
大所帯,おおじょたい,1,{}
大昔,おおむかし,1,{}
名古屋,なごや,1,{}
何種類,なんしゅるい,1,{}
当番表,とうばんひょう,1,{}
消防署,しょうぼうしょ,1,{}
自動販売機,じどうはんばいき,1,{}
期末,きまつ,1,{}
値段表,ねだんひょう,1,{}
州都,しゅうと,1,{}
爆発物,ばくはつぶつ,1,{}
兵器,へいき,1,{}
地雷,じらい,1,{}
一等,いっとう,1,{}
洋食,ようしょく,1,{}
東洋,とうよう,1,{}
神様,かみさま,1,{}
聴診器,ちょうしんき,1,{}
分出,ぶんしゅつ,1,{}
各車両,かくしゃりょう,1,{}
使用中,しようちゅう,1,{}
便器,べんき,1,{}
美術展,びじゅつてん,1,{}
高校受験,こうこうじゅけん,1,{}
地鳴,じな,1,{}
昇降口,しょうこうぐち,1,{}
水没,すいぼつ,1,{}
温暖化,おんだんか,1,{}
寒冷,かんれい,1,{}
制服姿,せいふくすがた,1,{}
地球規模,ちきゅうきぼ,1,{}
縄文時代,じょうもんじだい,1,{}
年表,ねんぴょう,1,{}
号令,ごうれい,1,{}
屋久,やく,1,{}
姫路城,ひめじじょう,1,{}
介護,かいご,1,{}
学級会,がっきゅうかい,1,{}
朝靄,あさもや,1,{}
戦地,せんち,1,{}
入場券,にゅうじょうけん,1,{}
乗車券,じょうしゃけん,1,{}
惣菜,そうざい,1,{}
義務教育,ぎむきょういく,1,{}
実行委員,じっこういいん,1,{}
総合,そうごう,1,{}
電器店,でんきてん,1,{}
中旬,ちゅうじゅん,1,{}
学習用,がくしゅうよう,1,{}
人以上,ひといじょう,1,{}
休校,きゅうこう,1,{}
外国人選手,がいこくじんせんしゅ,1,{}
食用油,しょくようあぶら,1,{}
法被,はっぴ,1,{}
神輿,みこし,1,{}
逆転満塁,ぎゃくてんまんるい,1,{}
裏方,うらかた,1,{}
人見知,ひとみし,1,{}
年輪,ねんりん,1,{}
琵琶湖,びわこ,1,{}
適合,てきごう,1,{}
搾,しぼ,1,{}
市販,しはん,1,{}
今大会,こんたいかい,1,{}
利息,りそく,1,{}
川岸,かわぎし,1,{}
百獣,ひゃくじゅう,1,{}
針金,はりがね,1,{}
理屈,りくつ,1,{}
再生利用,さいせいりよう,1,{}
演奏旅行,えんそうりょこう,1,{}
古本屋,ふるほんや,1,{}
絶好調,ぜっこうちょう,1,{}
開催国,かいさいこく,1,{}
七夕,たなばた,1,{}
短冊,たんざく,1,{}
害虫,がいちゅう,1,{}
益虫,えきちゅう,1,{}
試験中,しけんちゅう,1,{}
一辺,いっぺん,1,{}
僕,ぼく,1,{}
冷凍食品,れいとうしょくひん,1,{}
一部分,いちぶぶん,1,{}
提出用,ていしゅつよう,1,{}
強国,きょうこく,1,{}
溺,おぼ,1,{}
悪口,わるくち,1,{}
座右,ざゆう,1,{}
銘,めい,1,{}
寝転,ねころ,1,{}
砂紋,さもん,1,{}
座禅,ざぜん,1,{}
移動式,いどうしき,1,{}
棒針,ぼうばり,1,{}
襟巻,えりまき,1,{}
花柄,はながら,1,{}
打率,だりつ,1,{}
扇,おうぎ,1,{}
土俵,どひょう,1,{}
千羽,せんば,1,{}
反対方向,はんたいほうこう,1,{}
薄目,うすめ,1,{}
廃材,はいざい,1,{}
語尾変化,ごびへんか,1,{}
母国,ぼこく,1,{}
路上,ろじょう,1,{}
隕石,いんせき,1,{}
屋根付,やねづけ,1,{}
信条,しんじょう,1,{}
画面全体,がめんぜんたい,1,{}
半球,はんきゅう,1,{}
火鉢,ひばち,1,{}
出展,しゅってん,1,{}
行儀,ぎょうぎ,1,{}
難民,なんみん,1,{}
水車,すいしゃ,1,{}
鉄塔,てっとう,1,{}
風車,ふうしゃ,1,{}
入賞,にゅうしょう,1,{}
同学年,どうがくねん,1,{}
連絡先,れんらくさき,1,{}
真顔,まがお,1,{}
福引,ふくびき,1,{}
左官,さかん,1,{}
学院,がくいん,1,{}
銅像,どうぞう,1,{}
時計台,とけいだい,1,{}
上下関係,じょうげかんけい,1,{}
連用,れんよう,1,{}
廃番,はいばん,1,{}
出席率,しゅっせきりつ,1,{}
記念切手,きねんきって,1,{}
見物人,けんぶつにん,1,{}
私服,しふく,1,{}
利子,りし,1,{}
大福,だいふく,1,{}
日本中,にほんじゅう,1,{}
投下,とうか,1,{}
右隅,みぎすみ,1,{}
水圧,すいあつ,1,{}
松葉杖,まつばづえ,1,{}
中華街,ちゅうかがい,1,{}
車同士,くるまどうし,1,{}
通行止,つうこうどめ,1,{}
学問分野,がくもんぶんや,1,{}
工学,こうがく,1,{}
風呂釜,ふろがま,1,{}
挑戦者,ちょうせんしゃ,1,{}
優勝者,ゆうしょうしゃ,1,{}
何十回,なんじゅっかい,1,{}
大統領選挙,だいとうりょうせんきょ,1,{}
世界陸上,せかいりくじょう,1,{}
地声,じごえ,1,{}
旅行券,りょこうけん,1,{}
当選番号,とうせんばんごう,1,{}
食糧不足,しょくりょうぶそく,1,{}
芋,いも,1,{}
生活上,せいかつじょう,1,{}
苦難,くなん,1,{}
遊戯,ゆうぎ,1,{}
白壁,しらかべ,1,{}
姫路,ひめじ,1,{}
天守閣,てんしゅかく,1,{}
城下町,じょうかまち,1,{}
出前,でまえ,1,{}
集合時間,しゅうごうじかん,1,{}
生計,せいけい,1,{}
義足,ぎそく,1,{}
世界記録,せかいきろく,1,{}
県外,けんがい,1,{}
留年,りゅうねん,1,{}
木登,きのぼ,1,{}
一年,いちねん,1,{}
米作,べいさく,1,{}
大草原,だいそうげん,1,{}
遊牧,ゆうぼく,1,{}
相撲,すもう,1,{}
力士,りきし,1,{}
大好物,だいこうぶつ,1,{}
恋,こい,1,{}
寝不足,ねぶそく,1,{}
創造力,そうぞうりょく,1,{}
常夏,とこなつ,1,{}
国宝,こくほう,1,{}
土偶,どぐう,1,{}
刀剣,とうけん,1,{}
私立,しりつ,1,{}
市立,しりつ,1,{}
国立,こくりつ,1,{}
半紙,はんし,1,{}
華道,かどう,1,{}
創部,そうぶ,1,{}
二次方程式,にじほうていしき,1,{}
応用問題,おうようもんだい,1,{}
補助線,ほじょせん,1,{}
丸写,まるうつ,1,{}
奮闘,ふんとう,1,{}
一発勝負,いっぱつしょうぶ,1,{}
紅白,こうはく,1,{}
日頃,ひごろ,1,{}
閉会式,へいかいしき,1,{}
日系人,にっけいじん,1,{}
日系,にっけい,1,{}
日本人観光客,にっぽんじんかんこうきゃく,1,{}
通訳者,つうやくしゃ,1,{}
道路地図,どうろちず,1,{}
熱湯,ねっとう,1,{}
氷山,ひょうざん,1,{}
綿花,めんか,1,{}
水玉模様,みずたまもよう,1,{}
丸枠,まるわく,1,{}
試合開始,しあいかいし,1,{}
闇,やみ,1,{}
成功率,せいこうりつ,1,{}
鯉,こい,1,{}
生野菜,なまやさい,1,{}
焼肉,やきにく,1,{}
頬張,ほおば,1,{}
食用,しょくよう,1,{}
乳牛,にゅうぎゅう,1,{}
炭酸飲料,たんさんいんりょう,1,{}
手助,てだす,1,{}
船酔,ふなよ,1,{}
紅潮,こうちょう,1,{}
朝夕,あさゆう,1,{}
山梨,やまなし,1,{}
桃太郎,ももたろう,1,{}
女性名,じょせいめい,1,{}
赤色,せきしょく,1,{}
母音字,ぼいんじ,1,{}
六角,ろっかく,1,{}
安売,やすう,1,{}
魚類,ぎょるい,1,{}
嚢,のう,1,{}
数千,すうせん,1,{}
巻数,かんすう,1,{}
残量,ざんりょう,1,{}
周波数,しゅうはすう,1,{}
裏返,うらかえ,1,{}
青森,あおもり,1,{}
福神漬,ふくじんづけ,1,{}
太陽神,たいようしん,1,{}
神々,かみがみ,1,{}
預言者,よげんしゃ,1,{}
黄砂,こうさ,1,{}
直伝,じきでん,1,{}
一組,ひとくみ,1,{}
安静,あんせい,1,{}
岩山,いわやま,1,{}
大学全般,だいがくぜんぱん,1,{}
平積,ひらづ,1,{}
心拍数,しんぱくすう,1,{}
号砲,ごうほう,1,{}
留守,るす,1,{}
乳類,にゅうるい,1,{}
凱旋門,がいせんもん,1,{}
都,みやこ,1,{}
裏山,うらやま,1,{}
林,はやし,1,{}
主食,しゅしょく,1,{}
直火,じかび,1,{}
裏庭,うらにわ,1,{}
解錠,かいじょう,1,{}
水道橋,すいどうばし,1,{}
死角,しかく,1,{}
平均身長,へいきんしんちょう,1,{}
横顔,よこがお,1,{}
通貨記号,つうかきごう,1,{}
資本,しほん,1,{}
工業都市,こうぎょうとし,1,{}
管状,かんじょう,1,{}
胸部,きょうぶ,1,{}
漫談,まんだん,1,{}
授与,じゅよ,1,{}
銅色,どういろ,1,{}
合宿所,がっしゅくじょ,1,{}
濃厚,のうこう,1,{}
考案者,こうあんしゃ,1,{}
秒読,びょうよ,1,{}
別解,べっかい,1,{}
運動靴,うんどうぐつ,1,{}
休養,きゅうよう,1,{}
野口,のぐち,1,{}
英世,ひでよ,1,{}
全世界,ぜんせかい,1,{}
義務化,ぎむか,1,{}
前開,ぜんかい,1,{}
胴衣,どうい,1,{}
刀,かたな,1,{}
連勝,れんしょう,1,{}
転機,てんき,1,{}
周回,しゅうかい,1,{}
高々,たかだか,1,{}
記念品,きねんひん,1,{}
生前,せいぜん,1,{}
銭箱,ぜにばこ,1,{}
片方,かたほう,1,{}
行方不明,ゆくえふめい,1,{}
七不思議,ななふしぎ,1,{}
電灯,でんとう,1,{}
修道,しゅうどう,1,{}
修道女,しゅうどうじょ,1,{}
案内書,あんないしょ,1,{}
行方不明者,ゆくえふめいしゃ,1,{}
正々堂々,せいせいどうどう,1,{}
西海岸,にしかいがん,1,{}
一列,いちれつ,1,{}
数百万,すうひゃくまん,1,{}
炭,すみ,1,{}
新聞紙,しんぶんし,1,{}
釧路,くしろ,1,{}
日本最大,にほんさいだい,1,{}
湿原,しつげん,1,{}
中都市,ちゅうとし,1,{}
気絶,きぜつ,1,{}
夏合宿,なつがっしゅく,1,{}
防波堤,ぼうはてい,1,{}
飛沫,しぶき,1,{}
波打,なみう,1,{}
家々,いえいえ,1,{}
国中,くにじゅう,1,{}
家来,けらい,1,{}
七色,なないろ,1,{}
香草,こうそう,1,{}
自給,じきゅう,1,{}
語形,ごけい,1,{}
翻訳機,ほんやくき,1,{}
文法用語,ぶんぽうようご,1,{}
暖房器,だんぼうき,1,{}
大広間,おおひろま,1,{}
皇居,こうきょ,1,{}
字形,じけい,1,{}
方位,ほうい,1,{}
磁針,じしん,1,{}
抜群,ばつぐん,1,{}
一番近,いちばんちか,1,{}
眼科,がんか,1,{}
両目,りょうめ,1,{}
聴力,ちょうりょく,1,{}
伝統料理,でんとうりょうり,1,{}
見晴,みは,1,{}
岩場,いわば,1,{}
潤,うるお,1,"{""じゅん"": 1}"
大縄,おおなわ,1,{}
盤上,ばんじょう,1,{}
王手,おうて,1,{}
最高峰,さいこうほう,1,{}
歌舞伎,かぶき,1,{}
漫才,まんざい,1,{}
出没,しゅつぼつ,1,{}
国歌,こっか,1,{}
補欠,ほけつ,1,{}
愛玩動物,あいがんどうぶつ,1,{}
時代遅,じだいおく,1,{}
小道具,こどうぐ,1,{}
何分,なんぷん,1,{}
鍵穴,かぎあな,1,{}
鮮烈,せんれつ,1,{}
鋏,はさみ,1,{}
黄緑,きみどり,1,{}
桃色,ももいろ,1,{}
本体価格,ほんたいかかく,1,{}
消費税,しょうひぜい,1,{}
回答者,かいとうしゃ,1,{}
百分率,ひゃくぶんりつ,1,{}
何十人,なんじゅうにん,1,{}
民族衣装,みんぞくいしょう,1,{}
欲張,よくば,1,{}
歌唱,かしょう,1,{}
周辺部,しゅうへんぶ,1,{}
万個,まんこ,1,{}
引退試合,いんたいじあい,1,{}
驚嘆,きょうたん,1,{}
車用,くるまよう,1,{}
私道,しどう,1,{}
留守番,るすばん,1,{}
体感,たいかん,1,{}
水辺,すいへん,1,{}
環,わ,1,{}
数億,すうおく,1,{}
年前,ねんまえ,1,{}
里,さと,1,{}
猟銃,りょうじゅう,1,{}
赤丸,あかまる,1,{}
熱気球,ねっききゅう,1,{}
月刊,げっかん,1,{}
定期刊行物,ていきかんこうぶつ,1,{}
佐賀,さが,1,{}
磁器,じき,1,{}
白地,しろぢ,1,{}
絵付,えつけ,1,{}
漆器,しっき,1,{}
和紙,わし,1,{}
猛暑日,もうしょび,1,{}
川風,かわかぜ,1,{}
義援金,ぎえんきん,1,{}
慈善,じぜん,1,{}
声優,せいゆう,1,{}
起立,きりつ,1,{}
退室,たいしつ,1,{}
味噌,みそ,1,{}
丸刈,まるがり,1,{}
終了間際,しゅうりょうまぎわ,1,{}
加水,かすい,1,{}
羽虫,はねむし,1,{}
西表,いりおもて,1,{}
二輪車,にりんしゃ,1,{}
飛来,ひらい,1,{}
姿見,すがたみ,1,{}
駄菓子,だがし,1,{}
限定版,げんていばん,1,{}
両岸,りょうがん,1,{}
測量,そくりょう,1,{}
有料化,ゆうりょうか,1,{}
自然環境,しぜんかんきょう,1,{}
全品,ぜんぴん,1,{}
座面,ざめん,1,{}
木目,もくめ,1,{}
有望,ゆうぼう,1,{}
互角,ごかく,1,{}
消灯,しょうとう,1,{}
顧,かえり,1,{}
都道,とどう,1,{}
府,ふ,1,{}
神奈川県,かながわけん,1,{}
丸焼,まるやき,1,{}
祝賀会,しゅくがかい,1,{}
年代順,ねんだいじゅん,1,{}
木曜,もくよう,1,{}
回収車,かいしゅうしゃ,1,{}
車種,しゃしゅ,1,{}
保証書,ほしょうしょ,1,{}
前半終了,ぜんはんしゅうりょう,1,{}
同点,どうてん,1,{}
観客数,かんきゃくすう,1,{}
両肩,りょうかた,1,{}
不潔,ふけつ,1,{}
上級生,じょうきゅうせい,1,{}
文具,ぶんぐ,1,{}
製造者,せいぞうしゃ,1,{}
製造会社,せいぞうがいしゃ,1,{}
広告会社,こうこくがいしゃ,1,{}
転任,てんにん,1,{}
祝勝,しゅくしょう,1,{}
送別,そうべつ,1,{}
教卓,きょうたく,1,{}
草取,くさとり,1,{}
千円,せんえん,1,{}
跡継,あとつ,1,{}
孫息子,まごむすこ,1,{}
長男,ちょうなん,1,{}
駄菓子屋,だがしや,1,{}
秒速,びょうそく,1,{}
中東,ちゅうとう,1,{}
神経質,しんけいしつ,1,{}
入選,にゅうせん,1,{}
優劣,ゆうれつ,1,{}
練習会,れんしゅうかい,1,{}
骨組,ほねぐ,1,{}
建築業,けんちくぎょう,1,{}
連休,れんきゅう,1,{}
食糧難,しょくりょうなん,1,{}
件,けん,1,{}
論評,ろんぴょう,1,{}
飛行便,ひこうびん,1,{}
赤面,せきめん,1,{}
名乗,なの,1,{}
島々,しまじま,1,{}
奄美,あまみ,1,{}
習字,しゅうじ,1,{}
激痛,げきつう,1,{}
戦国時代,せんごくじだい,1,{}
甲冑,かっちゅう,1,{}
刀傷,かたなきず,1,{}
色々,いろいろ,1,{}
単純明快,たんじゅんめいかい,1,{}
美術部,びじゅつぶ,1,{}
退部,たいぶ,1,{}
時報,じほう,1,{}
飢餓,きが,1,{}
肥満,ひまん,1,{}
貧富,ひんぷ,1,{}
瀬戸内,せとうち,1,{}
浜,はま,1,{}
木肌,きはだ,1,{}
軽石,かるいし,1,{}
総理大臣,そうりだいじん,1,{}
大臣,だいじん,1,{}
面影,おもかげ,1,{}
綿棒,めんぼう,1,{}
三部,さんぶ,1,{}
農業用,のうぎょうよう,1,{}
出勤,しゅっきん,1,{}
連絡帳,れんらくちょう,1,{}
陛下,へいか,1,{}
威厳,いげん,1,{}
紫色,むらさきいろ,1,{}
避難場所,ひなんばしょ,1,{}
見物,けんぶつ,1,{}
捜索,そうさく,1,{}
目玉,めだま,1,{}
仏塔,ぶっとう,1,{}
旧称,きゅうしょう,1,{}
西隣,にしどなり,1,{}
審査,しんさ,1,{}
顔写真,かおじゃしん,1,{}
旅券,りょけん,1,{}
免許証,めんきょしょう,1,{}
全財産,ぜんざいさん,1,{}
片道,かたみち,1,{}
老後,ろうご,1,{}
学生寮,がくせいりょう,1,{}
一間,ひとま,1,{}
一室,いっしつ,1,{}
予洗,よせん,1,{}
水道代,すいどうだい,1,{}
労力,ろうりょく,1,{}
大都会,だいとかい,1,{}
濁流,だくりゅう,1,{}
金婚式,きんこんしき,1,{}
十五夜,じゅうごや,1,{}
月見,つきみ,1,{}
明朝,みょうちょう,1,{}
周目,しゅうめ,1,{}
語呂,ごろ,1,{}
母子,ぼし,1,{}
台座,だいざ,1,{}
翻案,ほんあん,1,{}
原作,げんさく,1,{}
海賊版,かいぞくばん,1,{}
指揮棒,しきぼう,1,{}
管楽器,かんがっき,1,{}
劇団,げきだん,1,{}
元日,がんじつ,1,{}
原画,げんが,1,{}
実写映画,じっしゃえいが,1,{}
寝台列車,しんだいれっしゃ,1,{}
別行動,べつこうどう,1,{}
内戦,ないせん,1,{}
開校,かいこう,1,{}
木造,もくぞう,1,{}
袴姿,はかますがた,1,{}
街区,がいく,1,{}
印刷屋,いんさつや,1,{}
主権,しゅけん,1,{}
王政,おうせい,1,{}
無政府状態,むせいふじょうたい,1,{}
筆算,ひっさん,1,{}
勤労感謝,きんろうかんしゃ,1,{}
在庫処分,ざいこしょぶん,1,{}
分譲,ぶんじょう,1,{}
出席番号,しゅっせきばんごう,1,{}
計算練習,けいさんれんしゅう,1,{}
雨粒,あまつぶ,1,{}
中辛,ちゅうから,1,{}
片栗粉,かたくりこ,1,{}
実験用,じっけんよう,1,{}
試験管,しけんかん,1,{}
巣箱,すばこ,1,{}
肉汁,にくじゅう,1,{}
正座,せいざ,1,{}
最小単位,さいしょうたんい,1,{}
更,ふ,1,{}
母牛,ははうし,1,{}
交通渋滞,こうつうじゅうたい,1,{}
一口大,ひとくちだい,1,{}
蜂,はち,1,{}
液化,えきか,1,{}
安眠,あんみん,1,{}
袋詰,ふくろづめ,1,{}
品目,ひんもく,1,{}
店名,てんめい,1,{}
茶髪,ちゃぱつ,1,{}
仲直,なかなお,1,{}
乾季,かんき,1,{}
醜,みにく,1,"{""きたな"": 1}"
一回分,いっかいぶん,1,{}
三匹,さんびき,1,{}
子豚,こぶた,1,{}
老婦人,ろうふじん,1,{}
寝具,しんぐ,1,{}
宣伝文句,せんでんもんく,1,{}
宙,ちゅう,1,{}
一番下,いちばんした,1,{}
閉店後,へいてんご,1,{}
美女,びじょ,1,{}
観賞魚,かんしょうぎょ,1,{}
排水口,はいすいこう,1,{}
総数,そうすう,1,{}
新潟,にいがた,1,{}
激励,げきれい,1,{}
唾,つば,1,{}
新体操,しんたいそう,1,{}
上端,じょうたん,1,{}
四月,しがつ,1,{}
悪人,あくにん,1,{}
酒場,さかば,1,{}
横棒,よこぼう,1,{}
箔,はく,1,{}
樹皮,じゅひ,1,{}
日傘,ひがさ,1,{}
参考資料,さんこうしりょう,1,{}
献血,けんけつ,1,{}
衝撃音,しょうげきおん,1,{}
制限速度,せいげんそくど,1,{}
深度,しんど,1,{}
吸水,きゅうすい,1,{}
最深,さいしん,1,{}
水温,すいおん,1,{}
北上,きたかみ,1,{}
落葉,おちば,1,{}
入試,にゅうし,1,{}
小論文,しょうろんぶん,1,{}
猛獣使,もうじゅうつか,1,{}
既婚女性,きこんじょせい,1,{}
祖先,そせん,1,{}
株価,かぶか,1,{}
相場,そうば,1,{}
激辛,げきから,1,{}
解答欄,かいとうらん,1,{}
二重丸,にじゅうまる,1,{}
大合唱,だいがっしょう,1,{}
変態,へんたい,1,{}
両生類,りょうせいるい,1,{}
何十,なんじゅう,1,{}
教徒,きょうと,1,{}
懇願,こんがん,1,{}
老,ろう,1,"{""お"": 1, ""ふ"": 1}"
天井裏,てんじょううら,1,{}
万国,ばんこく,1,{}
瀑布,ばくふ,1,{}
構造物,こうぞうぶつ,1,{}
治水,ちすい,1,{}
水車小屋,すいしゃごや,1,{}
金属棒,きんぞくぼう,1,{}
哀,あわ,1,{}
戸袋,とぶくろ,1,{}
運河,うんが,1,{}
球根,きゅうこん,1,{}
古本,ふるほん,1,{}
枚数,まいすう,1,{}
非売品,ひばいひん,1,{}
義賊,ぎぞく,1,{}
金持,かねも,1,{}
合金,ごうきん,1,{}
青銅,せいどう,1,{}
初恋,はつこい,1,{}
子兎,こうさぎ,1,{}
丸腰,まるこし,1,{}
受信機,じゅしんき,1,{}
充電池,じゅうでんち,1,{}
乾電池,かんでんち,1,{}
欠如,けつじょ,1,{}
特等席,とくとうせき,1,{}
丸太,まるた,1,{}
潔白,けっぱく,1,{}
東京湾,とうきょうわん,1,{}
海溝,かいこう,1,{}
機嫌,きげん,1,{}
水差,みずさ,1,{}
六人,ろくにん,1,{}
取捨選択,しゅしゃせんたく,1,{}
繕,ぜん,1,"{""つくろ"": 1}"
蚤,のみ,1,{}
鉄製,てっせい,1,{}
大忙,おおいそが,1,{}
手軽,てがる,1,{}
時制,じせい,1,{}
現世,げんせい,1,{}
殺害,さつがい,1,{}
塩漬,しおづ,1,{}
加工肉,かこうにく,1,{}
戴冠式,たいかんしき,1,{}
玉座,ぎょくざ,1,{}
二通,につう,1,{}
回覧板,かいらんばん,1,{}
前掛,まえかけ,1,{}
誕生石,たんじょうせき,1,{}
水晶,すいしょう,1,{}
字数,じすう,1,{}
祠,し,1,{}
名曲,めいきょく,1,{}
電化製品,でんかせいひん,1,{}
無事発見,ぶじはっけん,1,{}
並々,なみなみ,1,{}
鼻毛,はなげ,1,{}
人気番組,にんきばんぐみ,1,{}
大吉,だいきち,1,{}
冬用,ふゆよう,1,{}
本日,ほんじつ,1,{}
定休日,ていきゅうび,1,{}
新装開店,しんそうかいてん,1,{}
千切,せんぎ,1,{}
衣料品店,いりょうひんてん,1,{}
試着室,しちゃくしつ,1,{}
回収率,かいしゅうりつ,1,{}
語順,ごじゅん,1,{}
筆記体,ひっきたい,1,{}
熟語,じゅくご,1,{}
上層,じょうそう,1,{}
暴落,ぼうらく,1,{}
無風,むふう,1,{}
整地,せいち,1,{}
解凍,かいとう,1,{}
関数,かんすう,1,{}
別腹,べつばら,1,{}
前菜,ぜんさい,1,{}
川原,かわら,1,{}
石橋,いしばし,1,{}
執,と,1,{}
高位,こうい,1,{}
贈答,ぞうとう,1,{}
扇形,せんけい,1,{}
火照,ほて,1,{}
暴風,ぼうふう,1,{}
体細胞,たいさいぼう,1,{}
天板,てんばん,1,{}
平方根,へいほうこん,1,{}
立方,りっぽう,1,{}
口頭試問,こうとうしもん,1,{}
結露,けつろ,1,{}
博士号,はくしごう,1,{}
広々,ひろびろ,1,{}
前面,ぜんめん,1,{}
底面,ていめん,1,{}
予想以上,よそういじょう,1,{}
野山,のやま,1,{}
山歩,やまある,1,{}
氷上,ひかみ,1,{}
正直者,しょうじきもの,1,{}
具材,ぐざい,1,{}
何回,なんかい,1,{}
外気温,がいきおん,1,{}
温度差,おんどさ,1,{}
羽毛布団,うもうふとん,1,{}
敷布,しきふ,1,{}
座椅子,ざいす,1,{}
輪作,りんさく,1,{}
牧草,ぼくそう,1,{}
代金,だいきん,1,{}
散歩道,さんぽみち,1,{}
仲良,なかよ,1,{}
子羊,こひつじ,1,{}
子鹿,こじか,1,{}
練習場,れんしゅうじょう,1,{}
角砂糖,かくざとう,1,{}
大男,おおおとこ,1,{}
式辞,しきじ,1,{}
口伝,くでん,1,{}
氷砂糖,こうりざとう,1,{}
心付,こころづ,1,{}
演奏時間,えんそうじかん,1,{}
演目,えんもく,1,{}
収容能力,しゅうようのうりょく,1,{}
最高点,さいこうてん,1,{}
最低点,さいていてん,1,{}
晩年,ばんねん,1,{}
壮年,そうねん,1,{}
雪原,せつげん,1,{}
遭難,そうなん,1,{}
影絵,かげえ,1,{}
美貌,びぼう,1,{}
朝食後,ちょうしょくご,1,{}
無線機,むせんき,1,{}
礼拝堂,れいはいどう,1,{}
不特定,ふとくてい,1,{}
五十音,ごじゅうおん,1,{}
体系,たいけい,1,{}
戦争映画,せんそうえいが,1,{}
最大級,さいだいきゅう,1,{}
変顔,へんがお,1,{}
語尾,ごび,1,{}
苦闘,くとう,1,{}
寝苦,ねぐる,1,{}
全開,ぜんかい,1,{}
視聴率,しちょうりつ,1,{}
客全員,きゃくぜんいん,1,{}
熱愛,ねつあい,1,{}
渦巻,うずま,1,{}
猛威,もうい,1,{}
生徒手帳,せいとてちょう,1,{}
適用,てきよう,1,{}
復帰戦,ふっきせん,1,{}
一回転,いっかいてん,1,{}
不健康,ふけんこう,1,{}
缶入,かんい,1,{}
横暴,おうぼう,1,{}
筒状,つつじょう,1,{}
昼食後,ちゅうしょくご,1,{}
餌場,えさば,1,{}
半時,はんとき,1,{}
白状,はくじょう,1,{}
網焼,あみやき,1,{}
粛々,しゅくしゅく,1,{}
薄型,うすがた,1,{}
独房,どくぼう,1,{}
吐息,といき,1,{}
牧舎,ぼくしゃ,1,{}
牧草地,ぼくそうち,1,{}
黒髪,くろかみ,1,{}
金髪,きんぱつ,1,{}
赤毛,あかげ,1,{}
粗大,そだい,1,{}
法律違反,ほうりついはん,1,{}
似通,にかよ,1,{}
銘柄,めいがら,1,{}
軌跡,きせき,1,{}
前後関係,ぜんごかんけい,1,{}
母鳥,ははどり,1,{}
船底,ふなぞこ,1,{}
刺々,とげとげ,1,{}
左右交互,さゆうこうご,1,{}
耳鼻科,じびか,1,{}
満席,まんせき,1,{}
繋,つな,1,{}
始発駅,しはつえき,1,{}
部位,ぶい,1,{}
開店時,かいてんじ,1,{}
裏地,うらじ,1,{}
鉄則,てっそく,1,{}
後払,あとばら,1,{}
小切手,こぎって,1,{}
好例,こうれい,1,{}
類義語,るいぎご,1,{}
熱帯魚,ねったいぎょ,1,{}
砂利,じゃり,1,{}
高速鉄道,こうそくてつどう,1,{}
予約機能,よやくきのう,1,{}
観覧席,かんらんせき,1,{}
小枝,こえだ,1,{}
夕,ゆう,1,{}
走査,そうさ,1,{}
暗黙,あんもく,1,{}
上野公園,うえのこうえん,1,{}
家族内,かぞくない,1,{}
用務員,ようむいん,1,{}
力加減,ちからかげん,1,{}
多忙,たぼう,1,{}
外来種,がいらいしゅ,1,{}
五十,ごじゅう,1,{}
八十,はちじゅう,1,{}
三章,さんしょう,1,{}
難易度,なんいど,1,{}
一万,いちまん,1,{}
仕分,しわ,1,{}
残像,ざんぞう,1,{}
全面禁煙,ぜんめんきんえん,1,{}
乗車,じょうしゃ,1,{}
姉妹校,しまいこう,1,{}
地点,ちてん,1,{}
水浴,みずあ,1,{}
衰,おとろ,1,{}
本品,ほんぴん,1,{}
帰宅後,きたくご,1,{}
至福,しふく,1,{}
冷凍庫,れいとうこ,1,{}
運動後,うんどうご,1,{}
黒電話,くろでんわ,1,{}
敬愛,けいあい,1,{}
最強,さいきょう,1,{}
弁償,べんしょう,1,{}
申告,しんこく,1,{}
梯子,はしご,1,{}
未成熟,みせいじゅく,1,{}
上昇気流,じょうしょうきりゅう,1,{}
両翼,りょうよく,1,{}
善行,ぜんこう,1,{}
初期段階,しょきだんかい,1,{}
際限,さいげん,1,{}
疲弊,ひへい,1,{}
音楽用語,おんがくようご,1,{}
不協和音,ふきょうわおん,1,{}
骨董品,こっとうひん,1,{}
医療施設,いりょうしせつ,1,{}
野花,のばな,1,{}
七段,しちだん,1,{}
内裏,だいり,1,{}
解像度,かいぞうど,1,{}
芝目,しばめ,1,{}
館,かん,1,{}
胸像,きょうぞう,1,{}
上級者,じょうきゅうしゃ,1,{}
指導員,しどういん,1,{}
経験者,けいけんしゃ,1,{}
班長,はんちょう,1,{}
紛失,ふんしつ,1,{}
理解不足,りかいぶそく,1,{}
設問,せつもん,1,{}
一因,いちいん,1,{}
庫,こ,1,{}
蒸気機関,じょうききかん,1,{}
心臓発作,しんぞうほっさ,1,{}
命中,めいちゅう,1,{}
標的,ひょうてき,1,{}
夕陽,ゆうひ,1,{}
海食,かいしょく,1,{}
一口目,ひとくちめ,1,{}
未満,みまん,1,{}
身分,みぶん,1,{}
工作員,こうさくいん,1,{}
銀行業務,ぎんこうぎょうむ,1,{}
証券,しょうけん,1,{}
両替商,りょうがえしょう,1,{}
試合中,しあいちゅう,1,{}
職位,しょくい,1,{}
絶叫,ぜっきょう,1,{}
五番,ごばん,1,{}
七五三,しちごさん,1,{}
従姉,じゅうし,1,{}
驚異,きょうい,1,{}
券,けん,1,{}
旅行代理店,りょこうだいりてん,1,{}
会場中,かいじょうじゅう,1,{}
粉薬,こなぐすり,1,{}
運動神経,うんどうしんけい,1,{}
見始,みはじ,1,{}
面持,おもも,1,{}
丸椅子,まるいす,1,{}
宝石類,ほうせきるい,1,{}
長々,ながなが,1,{}
税込,ぜいこ,1,{}
肉料理,にくりょうり,1,{}
海産物,かいさんぶつ,1,{}
雑菌,ざっきん,1,{}
放電,ほうでん,1,{}
父母,ふぼ,1,{}
男神,おとこがみ,1,{}
頭立,とうりつ,1,{}
底冷,そこび,1,{}
洗面,せんめん,1,{}
数時間,すうじかん,1,{}
付属物,ふぞくぶつ,1,{}
宝飾,ほうしょく,1,{}
筋肉質,きんにくしつ,1,{}
扉絵,とびらえ,1,{}
適量,てきりょう,1,{}
氷原,ひょうげん,1,{}
作務,さむ,1,{}
延滞料金,えんたいりょうきん,1,{}
理論的,りろんてき,1,{}
毎冬,まいふゆ,1,{}
世界情勢,せかいじょうせい,1,{}
小児科,しょうにか,1,{}
病棟,びょうとう,1,{}
上乗,うわの,1,{}
前借,まえが,1,{}
運送,うんそう,1,{}
再生時間,さいせいじかん,1,{}
工場労働者,こうじょうろうどうしゃ,1,{}
薬箱,くすりばこ,1,{}
鎮痛剤,ちんつうざい,1,{}
一般名,いっぱんめい,1,{}
正式名,せいしきめい,1,{}
子守唄,こもりうた,1,{}
月分,がつぶん,1,{}
預金口座,よきんこうざ,1,{}
手付金,てつけきん,1,{}
整理整頓,せいりせいとん,1,{}
清掃中,せいそうちゅう,1,{}
骨董,こっとう,1,{}
目分量,めぶんりょう,1,{}
異読,いどく,1,{}
交配,こうはい,1,{}
海流,かいりゅう,1,{}
沈没船,ちんぼつせん,1,{}
月後,げつご,1,{}
舞台劇,ぶたいげき,1,{}
歌劇場,かげきじょう,1,{}
時宜,じぎ,1,{}
鎚,つち,1,{}
名店,めいてん,1,{}
方眼紙,ほうがんし,1,{}
申込用紙,もうしこみようし,1,{}
和菓子屋,わがしや,1,{}
防虫,ぼうちゅう,1,{}
仕舞,しま,1,{}
公衆,こうしゅう,1,{}
太極拳,たいきょくけん,1,{}
成猫,せいびょう,1,{}
均等,きんとう,1,{}
突拍子,とっぴょうし,1,{}
溺死,できし,1,{}
鉄道駅,てつどうえき,1,{}
伏線,ふくせん,1,{}
逸話,いつわ,1,{}
主題歌,しゅだいか,1,{}
化繊,かせん,1,{}
脇役,わきやく,1,{}
後始末,あとしまつ,1,{}
異変,いへん,1,{}
栓,せん,1,{}
発泡,はっぽう,1,{}
縮尺,しゅくしゃく,1,{}
富,とみ,1,"{""と"": 1}"
頷,がん,1,"{""うなず"": 1}"
透明感,とうめいかん,1,{}
先取,さきど,1,{}
瀬戸内海,せとないかい,1,{}
数十人,すうじゅうにん,1,{}
詩的,してき,1,{}
氏,し,1,{}
命令形,めいれいけい,1,{}
気質,きしつ,1,{}
体内,たいない,1,{}
人生観,じんせいかん,1,{}
設営,せつえい,1,{}
奇跡的,きせきてき,1,{}
完済,かんさい,1,{}
潜水艇,せんすいてい,1,{}
既知,きち,1,{}
大学生活,だいがくせいかつ,1,{}
批判者,ひはんしゃ,1,{}
飼育係,しいくがかり,1,{}
恩,おん,1,{}
舞台用,ぶたいよう,1,{}
補習,ほしゅう,1,{}
大掃除,おおそうじ,1,{}
一往復,いちおうふく,1,{}
黄金時代,おうごんじだい,1,{}
高地,こうち,1,{}
院生,いんせい,1,{}
何事,なにごと,1,{}
公国,こうこく,1,{}
首長,しゅちょう,1,{}
日没,にちぼつ,1,{}
感極,かんきわ,1,{}
男女区別,だんじょくべつ,1,{}
大冒険,だいぼうけん,1,{}
風刺,ふうし,1,{}
真夜中,まよなか,1,{}
十人,じゅうにん,1,{}
有名人,ゆうめいじん,1,{}
指定席,していせき,1,{}
五分,ごぶ,1,{}
絶大,ぜつだい,1,{}
値引,ねび,1,{}
判断材料,はんだんざいりょう,1,{}
船会社,ふながいしゃ,1,{}
鉄道会社,てつどうがいしゃ,1,{}
時間枠,じかんわく,1,{}
直下,ちょくか,1,{}
谷底,たにぞこ,1,{}
無職,むしょく,1,{}
器械体操,きかいたいそう,1,{}
持久走,じきゅうそう,1,{}
本命,ほんめい,1,{}
見続,みつづ,1,{}
急坂,きゅうさか,1,{}
日暮,ひぐ,1,{}
蛍光灯,けいこうとう,1,{}
夜霧,よぎり,1,{}
一層,いっそう,1,{}
運転免許証,うんてんめんきょしょう,1,{}
疲労感,ひろうかん,1,{}
客層,きゃくそう,1,{}
歴史的事実,れきしてきじじつ,1,{}
朝露,あさつゆ,1,{}
虹色,にじいろ,1,{}
潮汐,ちょうせき,1,{}
満潮,まんちょう,1,{}
干潮,かんちょう,1,{}
珊瑚礁,さんごしょう,1,{}
喪,も,1,{}
記入欄,きにゅうらん,1,{}
書式,しょしき,1,{}
松林,まつばやし,1,{}
上限,じょうげん,1,{}
件名,けんめい,1,{}
薬指,くすりゆび,1,{}
失恋,しつれん,1,{}
二日後,ふつかご,1,{}
北米,ほくべい,1,{}
齧歯類,げっしるい,1,{}
今度,こんど,1,{}
落第,らくだい,1,{}
定理,ていり,1,{}
間隔,かんかく,1,{}
券売機,けんばいき,1,{}
対戦,たいせん,1,{}
支店長,してんちょう,1,{}
発射,はっしゃ,1,{}
手向,たむ,1,{}
納,おさ,1,{}
棺,ひつぎ,1,{}
経典,きょうてん,1,{}
基礎体力,きそたいりょく,1,{}
古書,こしょ,1,{}
勉強会,べんきょうかい,1,{}
優勝校,ゆうしょうこう,1,{}
順応,じゅんのう,1,{}
批評,ひひょう,1,{}
段目,だんめ,1,{}
民芸品,みんげいひん,1,{}
所狭,ところせま,1,{}
手芸,しゅげい,1,{}
実体,じったい,1,{}
幻,まぼろし,1,{}
無力,むりょく,1,{}
蓄音機,ちくおんき,1,{}
三角定規,さんかくじょうぎ,1,{}
直角,ちょっかく,1,{}
汁,しる,1,{}
夜風,よかぜ,1,{}
語源説,ごげんせつ,1,{}
本名,ほんみょう,1,{}
肩書,かたが,1,"{""かたがき"": 1}"
通称,つうしょう,1,{}
水星,すいせい,1,{}
海王星,かいおうせい,1,{}
八,や,1,{}
三番目,さんばんめ,1,{}
公転,こうてん,1,{}
流線形,りゅうせんけい,1,{}
英語表現,えいごひょうげん,1,{}
神性,しんせい,1,{}
半々,はんはん,1,{}
休符,きゅうふ,1,{}
話術,わじゅつ,1,{}
落語家,らくごか,1,{}
昼下,ひるさ,1,{}
急流,きゅうりゅう,1,{}
人差,ひとさし,1,{}
中指,なかゆび,1,{}
現行,げんこう,1,{}
古銭,こせん,1,{}
凶暴,きょうぼう,1,{}
強欲,ごうよく,1,{}
欲深,よくふか,1,{}
布製,ぬのせい,1,{}
履物,はきもの,1,{}
医薬品,いやくひん,1,{}
暴飲,ぼういん,1,{}
暴食,ぼうしょく,1,{}
臓器,ぞうき,1,{}
腎臓,じんぞう,1,{}
水玉,みずたま,1,{}
格子,こうし,1,{}
無地,むじ,1,{}
想起,そうき,1,{}
鬨,こう,1,{}
色別,いろべつ,1,{}
代表例,だいひょうれい,1,{}
下校時,げこうじ,1,{}
炊事,すいじ,1,{}
神父,しんぷ,1,{}
抽象画,ちゅうしょうが,1,{}
精肉店,せいにくてん,1,{}
五百,ごひゃく,1,{}
年末,ねんまつ,1,{}
歌謡曲,かようきょく,1,{}
交響曲,こうきょうきょく,1,{}
寄贈,きぞう,1,{}
象牙,ぞうげ,1,{}
黒檀,こくたん,1,{}
米袋,こめぶくろ,1,{}
腕力,わんりょく,1,{}
侮,あなど,1,{}
浄水器,じょうすいき,1,{}
清,きよ,1,{}
円柱,えんちゅう,1,{}
連載記事,れんさいきじ,1,{}
賛成側,さんせいがわ,1,{}
独演,どくえん,1,{}
黙想,もくそう,1,{}
故意,こい,1,{}
殺人事件,さつじんじけん,1,{}
殺人,さつじん,1,{}
失踪,しっそう,1,{}
常軌,じょうき,1,{}
逸,いっ,1,"{""そ"": 1}"
雑踏,ざっとう,1,{}
座席番号,ざせきばんごう,1,{}
各班,かくはん,1,{}
仲買人,なかがいにん,1,{}
実写,じっしゃ,1,{}
免疫不全,めんえきふぜん,1,{}
舞台裏,ぶたいうら,1,{}
命日,めいにち,1,{}
屋根瓦,やねがわら,1,{}
契約交渉,けいやくこうしょう,1,{}
諜報員,ちょうほういん,1,{}
初挑戦,はつちょうせん,1,{}
巡査,じゅんさ,1,{}
万回,まんかい,1,{}
中心部,ちゅうしんぶ,1,{}
精細,せいさい,1,{}
三時,さんじ,1,{}
間切,まぎり,1,{}
自転車屋,じてんしゃや,1,{}
味付,あじつ,1,{}
参加型,さんかがた,1,{}
各界,かっかい,1,{}
版画,はんが,1,{}
四国,しこく,1,{}
装束,しょうぞく,1,{}
菅笠,すげがさ,1,{}
雨足,あまあし,1,{}
論外,ろんがい,1,{}
一呼吸,ひとこきゅう,1,{}
免責,めんせき,1,{}
文集,ぶんしゅう,1,{}
食塩,しょくえん,1,{}
炭鉱,たんこう,1,{}
化石燃料,かせきねんりょう,1,{}
注文書,ちゅうもんしょ,1,{}
取扱説明書,とりあつかいせつめいしょ,1,{}
保存法,ほぞんほう,1,{}
使用法,しようほう,1,{}
逃避,とうひ,1,{}
陽子,ようこ,1,{}
中性子,ちゅうせいし,1,{}
鉄板,てっぱん,1,{}
出来,でき,1,{}
子守,こもり,1,{}
家庭教師,かていきょうし,1,{}
送迎,そうげい,1,{}
別冊,べっさつ,1,{}
隙,げき,1,{}
屈服,くっぷく,1,{}
雷光,らいこう,1,{}
民俗,みんぞく,1,{}
半径,はんけい,1,{}
拍手喝采,はくしゅかっさい,1,{}
降格,こうかく,1,{}
合格発表,ごうかくはっぴょう,1,{}
疾走,しっそう,1,{}
大会後,たいかいご,1,{}
下校,げこう,1,{}
遺伝情報,いでんじょうほう,1,{}
人工衛星,じんこうえいせい,1,{}
軌道上,きどうじょう,1,{}
海風,うみかぜ,1,{}
吊,つ,1,{}
付箋,ふせん,1,{}
清掃車,せいそうしゃ,1,{}
早鐘,はやがね,1,{}
一級,いっきゅう,1,{}
何十件,なんじゅっけん,1,{}
視覚化,しかくか,1,{}
原,はら,1,{}
貪欲,どんよく,1,{}
受動態,じゅどうたい,1,{}
能動的,のうどうてき,1,{}
山麓,さんろく,1,{}
月替,つきがわり,1,{}
昼食時,ちゅうしょくじ,1,{}
自然光,しぜんこう,1,{}
煙管,えんかん,1,{}
貯水槽,ちょすいそう,1,{}
下水道,げすいどう,1,{}
休講,きゅうこう,1,{}
白馬,はくば,1,{}
王子様,おうじさま,1,{}
端正,たんせい,1,{}
容姿,ようし,1,{}
荒々,あらあら,1,{}
発行人,はっこうにん,1,{}
茶会,ちゃかい,1,{}
逆方向,ぎゃくほうこう,1,{}
男性向,だんせいむ,1,{}
一目瞭然,いちもくりょうぜん,1,{}
別居,べっきょ,1,{}
裏技,うらわざ,1,{}
原点,げんてん,1,{}
差出人,さしだしにん,1,{}
郵便屋,ゆうびんや,1,{}
上方,じょうほう,1,{}
横方向,よこほうこう,1,{}
文中,ぶんちゅう,1,{}
文章全体,ぶんしょうぜんたい,1,{}
絶頂,ぜっちょう,1,{}
射撃,しゃげき,1,{}
申込,もうしこみ,1,{}
丁,ちょう,1,{}
不一致,ふいっち,1,{}
代議制,だいぎせい,1,{}
食料品,しょくりょうひん,1,{}
地階,ちかい,1,{}
細麺,ほそめん,1,{}
春一番,はるいちばん,1,{}
宇宙基地,うちゅうきち,1,{}
喰,しょく,1,{}
稲,いね,1,{}
洗髪,せんぱつ,1,{}
白髪染,しらがぞめ,1,{}
睡魔,すいま,1,{}
頬杖,ほおづえ,1,{}
耳打,みみう,1,{}
世間話,せけんばなし,1,{}
凍土,とうど,1,{}
競合他社,きょうごうたしゃ,1,{}
花道,はなみち,1,{}
三倍,さんばい,1,{}
生産量,せいさんりょう,1,{}
消費量,しょうひりょう,1,{}
連絡事項,れんらくじこう,1,{}
干物,かんぶつ,1,{}
世界地図,せかいちず,1,{}
傾聴,けいちょう,1,{}
不確,ふたし,1,{}
国際免許,こくさいめんきょ,1,{}
直訴,じきそ,1,{}
抜擢,ばってき,1,{}
毛色,けいろ,1,{}
岸壁,がんぺき,1,{}
里子,さとこ,1,{}
楽園,らくえん,1,{}
燃料補給,ねんりょうほきゅう,1,{}
添加物,てんかぶつ,1,{}
羅針盤,らしんばん,1,{}
網元,あみもと,1,{}
造船,ぞうせん,1,{}
舞台衣装,ぶたいいしょう,1,{}
受信者,じゅしんしゃ,1,{}
発信者,はっしんしゃ,1,{}
通信会社,つうしんがいしゃ,1,{}
濃密,のうみつ,1,{}
仲間意識,なかまいしき,1,{}
対照,たいしょう,1,{}
品々,しなじな,1,{}
団体旅行客,だんたいりょこうきゃく,1,{}
弛緩,しかん,1,{}
温度管理,おんどかんり,1,{}
少子,しょうし,1,{}
社会全体,しゃかいぜんたい,1,{}
試合結果,しあいけっか,1,{}
連盟,れんめい,1,{}
総額,そうがく,1,{}
貯蓄,ちょちく,1,{}
意気揚々,いきようよう,1,{}
出国審査,しゅっこくしんさ,1,{}
入国審査,にゅうこくしんさ,1,{}
保安,ほあん,1,{}
受動,じゅどう,1,{}
主格,しゅかく,1,{}
封書,ふうしょ,1,{}
回覧,かいらん,1,{}
自立,じりつ,1,{}
除去,じょきょ,1,{}
利他,りた,1,{}
没入,ぼつにゅう,1,{}
奔放,ほんぽう,1,{}
時間指定,じかんしてい,1,{}
発送,はっそう,1,{}
血圧,けつあつ,1,{}
具象,ぐしょう,1,{}
肖像,しょうぞう,1,{}
気迫,きはく,1,{}
最愛,さいあい,1,{}
教育環境,きょういくかんきょう,1,{}
禁煙者,きんえんしゃ,1,{}
喫煙者,きつえんしゃ,1,{}
酒飲,さけのみ,1,{}
裏打,うらう,1,{}
白湯,さゆ,1,{}
定期点検,ていきてんけん,1,{}
大画面,だいがめん,1,{}
映写機,えいしゃき,1,{}
新興国,しんこうこく,1,{}
終日,しゅうじつ,1,{}
幸福感,こうふくかん,1,{}
欠乏,けつぼう,1,{}
学生向,がくせいむき,1,{}
横取,よこど,1,{}
録音機,ろくおんき,1,{}
最短,さいたん,1,{}
消耗,しょうもう,1,{}
古寺,こじ,1,{}
漫才師,まんざいし,1,{}
小売,こうり,1,{}
系列,けいれつ,1,{}
大型店,おおがたてん,1,{}
身体測定,しんたいそくてい,1,{}
提灯,ちょうちん,1,{}
課税,かぜい,1,{}
免税,めんぜい,1,{}
武器化,ぶきか,1,{}
殺人犯,さつじんはん,1,{}
物資面,ぶっしめん,1,{}
戦時中,せんじちゅう,1,{}
兵役,へいえき,1,{}
賛辞,さんじ,1,{}
数千人,すうせんにん,1,{}
中西部,ちゅうせいぶ,1,{}
映画上映会,えいがじょうえいかい,1,{}
苛立,いらだ,1,{}
退出,たいしゅつ,1,{}
自分名義,じぶんめいぎ,1,{}
銀行口座,ぎんこうこうざ,1,{}
日本語版,にほんごばん,1,{}
心遣,こころづか,1,{}
封蝋,ふうろう,1,{}
値下,ねさ,1,{}
宣教師,せんきょうし,1,{}
気分次第,きぶんしだい,1,{}
波紋,はもん,1,{}
小刻,こきざ,1,{}
環状,かんじょう,1,{}
推敲,すいこう,1,{}
発表日,はっぴょうび,1,{}
副委員長,ふくいいんちょう,1,{}
約款,やっかん,1,{}
腰掛,こしか,1,{}
無法者,むほうしゃ,1,{}
法律家,ほうりつか,1,{}
棟,とう,1,{}
来校,らいこう,1,{}
文字列,もじれつ,1,{}
進路変更,しんろへんこう,1,{}
盛況,せいきょう,1,{}
原級,げんきゅう,1,{}
一角,いっかく,1,{}
敬老,けいろう,1,{}
入植,にゅうしょく,1,{}
均一,きんいつ,1,{}
標準化,ひょうじゅんか,1,{}
五分間,ごふんかん,1,{}
防水性,ぼうすいせい,1,{}
各自,かくじ,1,{}
一行目,いちぎょうめ,1,{}
再点検,さいてんけん,1,{}
首元,くびもと,1,{}
研究結果,けんきゅうけっか,1,{}
最終案,さいしゅうあん,1,{}
天日,てんじつ,1,{}
蓮,はす,1,{}
祝杯,しゅくはい,1,{}
料,りょう,1,{}
新種,しんしゅ,1,{}
料金設定,りょうきんせってい,1,{}
走行,そうこう,1,{}
社会派,しゃかいは,1,{}
総集編,そうしゅうへん,1,{}
自転車道,じてんしゃどう,1,{}
退勤時,たいきんじ,1,{}
過労,かろう,1,{}
新天地,しんてんち,1,{}
押印,おういん,1,{}
原始的,げんしてき,1,{}
現代的,げんだいてき,1,{}
改行,かいぎょう,1,{}
副菜,ふくさい,1,{}
不滅,ふめつ,1,{}
不死鳥,ふしちょう,1,{}
安全面,あんぜんめん,1,{}
洗面器,せんめんき,1,{}
密接,みっせつ,1,{}
連鎖,れんさ,1,{}
富裕,ふゆう,1,{}
二年間,にねんかん,1,{}
基礎工事,きそこうじ,1,{}
羅列,られつ,1,{}
不審,ふしん,1,{}
警,けい,1,{}
重点的,じゅうてんてき,1,{}
言語化,げんごか,1,{}
余談,よだん,1,{}
早速,さっそく,1,{}
毒素,どくそ,1,{}
刺激物,しげきぶつ,1,{}
長続,ながつづ,1,{}
秘密基地,ひみつきち,1,{}
変身,へんしん,1,{}
郵便配達,ゆうびんはいたつ,1,{}
学問的,がくもんてき,1,{}
高所恐怖症,こうしょきょうふしょう,1,{}
点呼,てんこ,1,{}
独自性,どくじせい,1,{}
五十音順,ごじゅうおんじゅん,1,{}
電車内,でんしゃない,1,{}
紙巻,かみまき,1,{}
降水,こうすい,1,{}
噴煙,ふんえん,1,{}
山々,やまやま,1,{}
外仕事,そとしごと,1,{}
居場所,いばしょ,1,{}
碑文,ひぶん,1,{}
新車,しんしゃ,1,{}
企画書,きかくしょ,1,{}
半月後,はんつきご,1,{}
練習問題,れんしゅうもんだい,1,{}
口実,こうじつ,1,{}
車窓,しゃそう,1,{}
丘陵地,きゅうりょうち,1,{}
看守,かんしゅ,1,{}
発展期,はってんき,1,{}
平均年齢,へいきんねんれい,1,{}
先進国,せんしんこく,1,{}
鎖国,さこく,1,{}
先進,せんしん,1,{}
平板,へいばん,1,{}
飛躍,ひやく,1,{}
平均値,へいきんち,1,{}
問題以前,もんだいいぜん,1,{}
不正直,ふしょうじき,1,{}
案内所,あんないじょ,1,{}
月々,つきづき,1,{}
義務付,ぎむづ,1,{}
入場時,にゅうじょうじ,1,{}
祖国,そこく,1,{}
再生機,さいせいき,1,{}
磁気,じき,1,{}
硫化,りゅうか,1,{}
化物,ばけもの,1,{}
人工知能,じんこうちのう,1,{}
知能,ちのう,1,{}
試薬,しやく,1,{}
錬金術,れんきんじゅつ,1,{}
異常気象,いじょうきしょう,1,{}
追体験,ついたいけん,1,{}
手持,ても,1,{}
固定式,こていしき,1,{}
受信,じゅしん,1,{}
続出,ぞくしゅつ,1,{}
有機,ゆうき,1,{}
化学合成,かがくごうせい,1,{}
野心的,やしんてき,1,{}
時代背景,じだいはいけい,1,{}
片手鍋,かたてなべ,1,{}
登園,とうえん,1,{}
定期試験,ていきしけん,1,{}
軽減,けいげん,1,{}
関係性,かんけいせい,1,{}
通勤客,つうきんきゃく,1,{}
生食,いけずき,1,{}
一分間,いっぷんかん,1,{}
生存者,せいぞんしゃ,1,{}
省略形,しょうりゃくけい,1,{}
数年後,すうねんご,1,{}
不真面目,ふまじめ,1,{}
真面目,まじめ,1,{}
初滑,はつすべ,1,{}
観客動員,かんきゃくどういん,1,{}
絶賛,ぜっさん,1,{}
自殺,じさつ,1,{}
左側通行,ひだりがわつうこう,1,{}
脅威,きょうい,1,{}
滅,めつ,1,"{""ほろ"": 1}"
非科学的,ひかがくてき,1,{}
洋服,ようふく,1,{}
侵,おか,1,{}
公共性,こうきょうせい,1,{}
酵素,こうそ,1,{}
精勤賞,せいきんしょう,1,{}
髪質,かみしつ,1,{}
理髪師,りはつし,1,{}
衛生士,えいせいし,1,{}
奇遇,きぐう,1,{}
自主,じしゅ,1,{}
民族主義,みんぞくしゅぎ,1,{}
事象,じしょう,1,{}
儀礼,ぎれい,1,{}
無難,ぶなん,1,{}
清潔感,せいけつかん,1,{}
必要書類,ひつようしょるい,1,{}
参列,さんれつ,1,{}
聖職,せいしょく,1,{}
司祭,しさい,1,{}
意見交換,いけんこうかん,1,{}
悲劇的,ひげきてき,1,{}
前景,ぜんけい,1,{}
保育,ほいく,1,{}
居合,いあ,1,{}
原因究明,げんいんきゅうめい,1,{}
七日,なのか,1,{}
卑屈,ひくつ,1,{}
協力体制,きょうりょくたいせい,1,{}
交換時期,こうかんじき,1,{}
発作,ほっさ,1,{}
症候群,しょうこうぐん,1,{}
実家,じっか,1,{}
天文台,てんもんだい,1,{}
紳士的,しんしてき,1,{}
顕著,けんちょ,1,{}
意向,いこう,1,{}
立候補者,りっこうほしゃ,1,{}
投票者,とうひょうしゃ,1,{}
四則,しそく,1,{}
惨,さん,1,{}
降機,こうき,1,{}
校長室,こうちょうしつ,1,{}
額装,がくそう,1,{}
開会,かいかい,1,{}
選手宣誓,せんしゅせんせい,1,{}
国旗掲揚,こっきけいよう,1,{}
耕,たがや,1,{}
主治医,しゅじい,1,{}
干潟,ひがた,1,{}
電力系統,でんりょくけいとう,1,{}
校正者,こうせいしゃ,1,{}
画像生成,がぞうせいせい,1,{}
名画,めいが,1,{}
実車,じっしゃ,1,{}
事故歴,じこれき,1,{}
整備工,せいびこう,1,{}
教習所,きょうしゅうじょ,1,{}
保険会社,ほけんがいしゃ,1,{}
自主練,じしゅれん,1,{}
後部,こうぶ,1,{}
六,ろく,1,{}
出席簿,しゅっせきぼ,1,{}
乾燥機,かんそうき,1,{}
地球環境,ちきゅうかんきょう,1,{}
形跡,けいせき,1,{}
対峙,たいじ,1,{}
腹筋運動,ふっきんうんどう,1,{}
要件,ようけん,1,{}
平年,へいねん,1,{}
貯水量,ちょすいりょう,1,{}
渇水,かっすい,1,{}
降雨量,こううりょう,1,{}
独奏会,どくそうかい,1,{}
講習会,こうしゅうかい,1,{}
学識,がくしき,1,{}
聴覚的,ちょうかくてき,1,{}
触覚的,しょっかくてき,1,{}
在来線,ざいらいせん,1,{}
発着,はっちゃく,1,{}
辺境,へんきょう,1,{}
種馬,たねうま,1,{}
母馬,ははうま,1,{}
血統,けっとう,1,{}
騎乗,きじょう,1,{}
大地震,だいじしん,1,{}
蒸留水,じょうりゅうすい,1,{}
最大化,さいだいか,1,{}
快方,かいほう,1,{}
汚染物質,おせんぶっしつ,1,{}
岐路,きろ,1,{}
袋小路,ふくろこうじ,1,{}
後発,こうはつ,1,{}
安全対策,あんぜんたいさく,1,{}
付随的,ふずいてき,1,{}
胴上,どうあ,1,{}
祝勝会,しゅくしょうかい,1,{}
反省会,はんせいかい,1,{}
遺伝的,いでんてき,1,{}
没入感,ぼつにゅうかん,1,{}
経済誌,けいざいし,1,{}
固唾,かたず,1,{}
感化,かんか,1,{}
自動的,じどうてき,1,{}
一般教養,いっぱんきょうよう,1,{}
金管楽器,きんかんがっき,1,{}
四年,よねん,1,{}
最終章,さいしゅうしょう,1,{}
新事実,しんじじつ,1,{}
村長,そんちょう,1,{}
町長,ちょうちょう,1,{}
注意事項,ちゅういじこう,1,{}
三年生,さんねんせい,1,{}
十名,じゅうめい,1,{}
五名,ごめい,1,{}
昨年,さくねん,1,{}
語句,ごく,1,{}
中流,ちゅうりゅう,1,{}
趣味的,しゅみてき,1,{}
夕涼,ゆうすず,1,{}
小中学校,しょうちゅうがっこう,1,{}
九年,きゅうねん,1,{}
納税,のうぜい,1,{}
構文,こうぶん,1,{}
不可,ふか,1,{}
進行中,しんこうちゅう,1,{}
環境破壊,かんきょうはかい,1,{}
隣家,りんか,1,{}
柱時計,はしらどけい,1,{}
安全点検,あんぜんてんけん,1,{}
砂時計,すなどけい,1,{}
朝刊,ちょうかん,1,{}
文言,もんごん,1,{}
瞬,またた,1,{}
息吹,いぶき,1,{}
平屋,ひらや,1,{}
超高層,ちょうこうそう,1,{}
研修会,けんしゅうかい,1,{}
競技大会,きょうぎたいかい,1,{}
詐欺事件,さぎじけん,1,{}
名高,なだか,1,{}
悪名高,あくめいたか,1,{}
銀世界,ぎんせかい,1,{}
吹雪,ふぶき,1,{}
氷雨,ひさめ,1,{}
直接的,ちょくせつてき,1,{}
練習方法,れんしゅうほうほう,1,{}
認知,にんち,1,{}
物質的,ぶっしつてき,1,{}
雨宿,あまやど,1,{}
行事予定,ぎょうじよてい,1,{}
壮観,そうかん,1,{}
契約社員,けいやくしゃいん,1,{}
上書,うわか,1,{}
無断使用,むだんしよう,1,{}
肖像権,しょうぞうけん,1,{}
特許権,とっきょけん,1,{}
営業権,えいぎょうけん,1,{}
質感,しつかん,1,{}
決定事項,けっていじこう,1,{}
再度,さいど,1,{}
遅刻者,ちこくしゃ,1,{}
幹事,かんじ,1,{}
保育所,ほいくしょ,1,{}
最終決定,さいしゅうけってい,1,{}
全面賛成,ぜんめんさんせい,1,{}
水曜,すいよう,1,{}
常勤,じょうきん,1,{}
栄枯盛衰,えいこせいすい,1,{}
野蛮,やばん,1,{}
文明,ぶんめい,1,{}
突風,とっぷう,1,{}
密閉容器,みっぺいようき,1,{}
数百人,すうひゃくにん,1,{}
植樹,しょくじゅ,1,{}
日本国,にほんこく,1,{}
基本法,きほんほう,1,{}
両案,りょうあん,1,{}
合体,がったい,1,{}
小節,しょうせつ,1,{}
相違,そうい,1,{}
三者,さんしゃ,1,{}
山林,さんりん,1,{}
用地,ようち,1,{}
紺色,こんいろ,1,{}
七十,しちじゅう,1,{}
奇抜,きばつ,1,{}
理論値,りろんち,1,{}
実測値,じっそくち,1,{}
遠吠,とおぼえ,1,{}
学友,がくゆう,1,{}
工務店,こうむてん,1,{}
値切,ねぎ,1,{}
間欠的,かんけつてき,1,{}
連続的,れんぞくてき,1,{}
卒業論文,そつぎょうろんぶん,1,{}
経営学,けいえいがく,1,{}
教育学,きょういくがく,1,{}
市民権,しみんけん,1,{}
大学生,だいがくせい,1,{}
食費,しょくひ,1,{}
品種改良,ひんしゅかいりょう,1,{}
歴史書,れきししょ,1,{}
滑落,かつらく,1,{}
邸宅,ていたく,1,{}
退廃,たいはい,1,{}
建立,こんりゅう,1,{}
試験前,しけんまえ,1,{}
各教科,かくきょうか,1,{}
生産的,せいさんてき,1,{}
技術書,ぎじゅつしょ,1,{}
散漫,さんまん,1,{}
位置決,いちぎ,1,{}
熱狂的,ねっきょうてき,1,{}
勝負所,しょうぶどころ,1,{}
心理学者,しんりがくしゃ,1,{}
再出発,さいしゅっぱつ,1,{}
乏,とぼ,1,{}
億回,おくかい,1,{}
大評判,だいひょうばん,1,{}
商品知識,しょうひんちしき,1,{}
訪問先,ほうもんさき,1,{}
同期,どうき,1,{}
電話一本,でんわいっぽん,1,{}
兄弟愛,きょうだいあい,1,{}
競争心,きょうそうしん,1,{}
衛星放送,えいせいほうそう,1,{}
鑑賞会,かんしょうかい,1,{}
二言,にごん,1,{}
在職中,ざいしょくちゅう,1,{}
自習室,じしゅうしつ,1,{}
地域外,ちいきがい,1,{}
避暑,ひしょ,1,{}
候補地,こうほち,1,{}
白衣,はくい,1,{}
作動音,さどうおん,1,{}
秘密厳守,ひみつげんしゅ,1,{}
臨時便,りんじびん,1,{}
廃版,はいばん,1,{}
自主制作,じしゅせいさく,1,{}
映画製作者,えいがせいさくしゃ,1,{}
哲学者,てつがくしゃ,1,{}
偶発,ぐうはつ,1,{}
顕在,けんざい,1,{}
潜在意識,せんざいいしき,1,{}
開園,かいえん,1,{}
禁止項目,きんしこうもく,1,{}
全員分,ぜんいんぶん,1,{}
原版,げんばん,1,{}
貸借,たいしゃく,1,{}
制御可能,せいぎょかのう,1,{}
行為自体,こういじたい,1,{}
色使,いろづか,1,{}
筆遣,ふでづか,1,{}
詳細化,しょうさいか,1,{}
併用,へいよう,1,{}
唐突,とうとつ,1,{}
過渡的,かとてき,1,{}
突破,とっぱ,1,{}
不吉,ふきつ,1,{}
科学的根拠,かがくてきこんきょ,1,{}
興味津々,きょうみしんしん,1,{}
意気投合,いきとうごう,1,{}
可視光,かしこう,1,{}
放射線,ほうしゃせん,1,{}
音波,おんぱ,1,{}
郷土料理,きょうどりょうり,1,{}
不定,ふてい,1,{}
動名詞,どうめいし,1,{}
偲,しの,1,{}
暴走,ぼうそう,1,{}
溝,みぞ,1,{}
特別講義,とくべつこうぎ,1,{}
学齢,がくれい,1,{}
七月,しちがつ,1,{}
四日,よっか,1,{}
星条旗,せいじょうき,1,{}
建国,けんこく,1,{}
和平,わへい,1,{}
検品,けんぴん,1,{}
戦没者,せんぼつしゃ,1,{}
犠牲,ぎせい,1,{}
地方出身,ちほうしゅっしん,1,{}
経済的負担,けいざいてきふたん,1,{}
参加者募集,さんかしゃぼしゅう,1,{}
脅威的,きょういてき,1,{}
進歩的,しんぽてき,1,{}
懐古的,かいこてき,1,{}
重要度,じゅうようど,1,{}
写真撮影,しゃしんさつえい,1,{}
沿岸,えんがん,1,{}
逆算,ぎゃくさん,1,{}
保存食,ほぞんしょく,1,{}
正餐,せいさん,1,{}
通知書,つうちしょ,1,{}
好影響,こうえいきょう,1,{}
最終回,さいしゅうかい,1,{}
本塁打,ほんるいだ,1,{}
振興,しんこう,1,{}
編入,へんにゅう,1,{}
退学,たいがく,1,{}
生化学,せいかがく,1,{}
十分間,じゅっぷんかん,1,{}
伴走,ばんそう,1,{}
改良版,かいりょうばん,1,{}
金銭面,きんせんめん,1,{}
技術面,ぎじゅつめん,1,{}
飛行中,ひこうちゅう,1,{}
安定飛行,あんていひこう,1,{}
乱気流,らんきりゅう,1,{}
順風,じゅんぷう,1,{}
消火,しょうか,1,{}
壊滅,かいめつ,1,{}
専門化,せんもんか,1,{}
肉食,にくしょく,1,{}
菜食,さいしょく,1,{}
雑食,ざっしょく,1,{}
不確実性,ふかくじつせい,1,{}
埋立,うめたて,1,{}
消火器,しょうかき,1,{}
気力,きりょく,1,{}
試験勉強,しけんべんきょう,1,{}
北海,ほっかい,1,{}
著者紹介,ちょしゃしょうかい,1,{}
中級,ちゅうきゅう,1,{}
成功裏,せいこうり,1,{}
宛名,あてな,1,{}
陸路,りくろ,1,{}
利用環境,りようかんきょう,1,{}
二十四,にじゅうし,1,{}
感覚的,かんかくてき,1,{}
未解決,みかいけつ,1,{}
半生,はんせい,1,{}
速攻,そっこう,1,{}
海外留学,かいがいりゅうがく,1,{}
成績証明書,せいせきしょうめいしょ,1,{}
同意書,どういしょ,1,{}
禁止事項,きんしじこう,1,{}
必要条件,ひつようじょうけん,1,{}
太陽光発電,たいようこうはつでん,1,{}
緑化,りょっか,1,{}
求人情報,きゅうじんじょうほう,1,{}
定年,ていねん,1,{}
驚異的,きょういてき,1,{}
期待外,きたいがい,1,{}
期待以上,きたいいじょう,1,{}
環境保護,かんきょうほご,1,{}
活動家,かつどうか,1,{}
年単位,ねんたんい,1,{}
海運,かいうん,1,{}
電気通信,でんきつうしん,1,{}
足先,あしさき,1,{}
擦,こす,1,"{""さつ"": 1}"
光速度,こうそくど,1,{}
定数,ていすう,1,{}
重力定数,じゅうりょくていすう,1,{}
円周率,えんしゅうりつ,1,{}
肌触,はだざわ,1,{}
毛織物,けおりもの,1,{}
麻織,あさおり,1,{}
月日,がっぴ,1,{}
波止場,はとば,1,{}
背伸,せの,1,{}
保養地,ほようち,1,{}
憂鬱,ゆううつ,1,{}
痺,しび,1,{}
素地,そじ,1,{}
長所,ちょうしょ,1,{}
山積,やまづ,1,{}
木立,こだち,1,{}
倹約,けんやく,1,{}
椿,つばき,1,{}
雨期,うき,1,{}
樹々,きぎ,1,{}
鹿,しか,1,{}
馴,な,1,{}
獰猛,どうもう,1,{}
郷里,きょうり,1,{}
肢,し,1,{}
手足,てあし,1,{}
四隅,よすみ,1,{}
外出前,がいしゅつまえ,1,{}
屈,く,1,{}
裁,さば,1,{}
逸品,いっぴん,1,{}
顔料,がんりょう,1,{}
漂白剤,ひょうはくざい,1,{}
歯科検診,しかけんしん,1,{}
樹脂,じゅし,1,{}
傍,かたわ,1,{}
銀器,ぎんき,1,{}
貯水池,ちょすいち,1,{}
紡,つむ,1,"{""ぼう"": 1}"
櫓,やぐら,1,{}
冷茶,れいちゃ,1,{}
球体,きゅうたい,1,{}
毛深,けぶか,1,{}
肉類,にくるい,1,{}
旧型,きゅうがた,1,{}
原型,げんけい,1,{}
毛髪,もうはつ,1,{}
胃痛,いつう,1,{}
鐘塔,しょうとう,1,{}
火傷,やけど,1,{}
勲記,くんき,1,{}
紙芝居,かみしばい,1,{}
葉脈,ようみゃく,1,{}
富豪,ふごう,1,{}
放浪者,ほうろうしゃ,1,{}
袖口,そでぐち,1,{}
色染,しょくせん,1,{}
林檎,りんご,1,{}
喝采,かっさい,1,{}
断熱,だんねつ,1,{}
小皿,こざら,1,{}
誓願,せいがん,1,{}
舗道,ほどう,1,{}
訃報,ふほう,1,{}
花畑,はなはた,1,{}
百合,ゆり,1,{}
熱風,ねっぷう,1,{}
鉢,はち,1,{}
発芽,はつが,1,{}
捕手,ほしゅ,1,{}
走塁,そうるい,1,{}
埃,ほこり,1,{}
稼働中,かどうちゅう,1,{}
柑橘,かんきつ,1,{}
水分量,すいぶんりょう,1,{}
舞台中央,ぶたいちゅうおう,1,{}
従者,じゅうしゃ,1,{}
微量,びりょう,1,{}
試料,しりょう,1,{}
進展,しんてん,1,{}
大型犬,おおがたけん,1,{}
天窓,てんまど,1,{}
機敏,きびん,1,{}
災害後,さいがいご,1,{}
瓦礫,がれき,1,{}
半導体,はんどうたい,1,{}
処理速度,しょりそくど,1,{}
瓜,うり,1,{}
玉葱,たまねぎ,1,{}
蕪,かぶら,1,{}
隣席,りんせき,1,{}
夫人,ふじん,1,{}
秀,ひい,1,{}
鷹,たか,1,{}
溶岩,ようがん,1,{}
沖合,おきあ,1,"{""おきあい"": 1}"
全粒,ぜんりゅう,1,{}
便通,べんつう,1,{}
殴,なぐ,1,{}
温泉宿,おんせんやど,1,{}
家路,いえじ,1,{}
撲滅,ぼくめつ,1,{}
地域差,ちいきさ,1,{}
麻疹,ましん,1,{}
風疹,ふうしん,1,{}
水痘,すいとう,1,{}
弦楽,げんがく,1,{}
晩秋,ばんしゅう,1,{}
絶壁,ぜっぺき,1,{}
峡谷,きょうこく,1,{}
石塀,いしべい,1,{}
離縁,りえん,1,{}
策略,さくりゃく,1,{}
臆病者,おくびょうもの,1,{}
庶民的,しょみんてき,1,{}
間際,まぎわ,1,{}
突進,とっしん,1,{}
整備不良,せいびふりょう,1,{}
保湿,ほしつ,1,{}
高温,こうおん,1,{}
寒空,さむぞら,1,{}
貴金属,ききんぞく,1,{}
口元,くちもと,1,{}
口走,くちばし,1,{}
圧迫感,あっぱくかん,1,{}
難役,なんやく,1,{}
胆力,たんりょく,1,{}
見栄,みえ,1,{}
生真面目,きまじめ,1,{}
辛辣,しんらつ,1,{}
手間取,てまど,1,{}
節回,ふしまわ,1,{}
情感,じょうかん,1,{}
歩幅,ほはば,1,{}
脈拍,みゃくはく,1,{}
唱,とな,1,{}
鬱屈,うっくつ,1,{}
訪問客,ほうもんきゃく,1,{}
一目散,いちもくさん,1,{}
水音,みずおと,1,{}
当局,とうきょく,1,{}
基礎研究,きそけんきゅう,1,{}
飼料,しりょう,1,{}
塩基,えんき,1,{}
競技中,きょうぎちゅう,1,{}
童謡,どうよう,1,{}
夢見,ゆめみ,1,{}
後続,こうぞく,1,{}
礼節,れいせつ,1,{}
合奏,がっそう,1,{}
悪気,わるぎ,1,{}
駅裏,えきうら,1,{}
練習中,れんしゅうちゅう,1,{}
鵜,う,1,{}
腱,けん,1,{}
落花生,らっかせい,1,{}
社会問題,しゃかいもんだい,1,{}
閲覧,えつらん,1,{}
精読,せいどく,1,{}
和装,わそう,1,{}
開発陣,かいはつじん,1,{}
周縁,しゅうえん,1,{}
付属,ふぞく,1,{}
飲料,いんりょう,1,{}
邪悪,じゃあく,1,{}
作業場,さぎょうば,1,{}
急発進,きゅうはっしん,1,{}
結成,けっせい,1,{}
価格表,かかくひょう,1,{}
割引価格,わりびきかかく,1,{}
斜線,しゃせん,1,{}
破線,はせん,1,{}
波線,なみせん,1,{}
冠雪,かんせつ,1,{}
連峰,れんぽう,1,{}
焼酎,しょうちゅう,1,{}
凍傷,とうしょう,1,{}
操舵,そうだ,1,{}
練習用,れんしゅうよう,1,{}
強打,きょうだ,1,{}
助走,じょそう,1,{}
力量,りきりょう,1,{}
潰,つぶ,1,{}
下落,げらく,1,{}
停戦,ていせん,1,{}
房,ぼう,1,{}
船室,せんしつ,1,{}
機関室,きかんしつ,1,{}
直毛,ちょくもう,1,{}
進軍,しんぐん,1,{}
薄味,うすあじ,1,{}
新素材,しんそざい,1,{}
精鋭,せいえい,1,{}
峠道,とうげみち,1,{}
霧灯,むとう,1,{}
密集,みっしゅう,1,{}
追放,ついほう,1,{}
帰郷,ききょう,1,{}
閉眼,へいがん,1,{}
目配,めくばせ,1,{}
南太平洋,みなみたいへいよう,1,{}
環礁,かんしょう,1,{}
競泳,きょうえい,1,{}
奈良,なら,1,{}
距離感,きょりかん,1,{}
厳守,げんしゅ,1,{}
増減,ぞうげん,1,{}
服用量,ふくようりょう,1,{}
私人,しじん,1,{}
翻弄,ほんろう,1,{}
頭蓋骨,ずがいこつ,1,{}
鎖骨,さこつ,1,{}
陽射,ひざ,1,{}
細片,さいへん,1,{}
適正,てきせい,1,{}
乱用,らんよう,1,{}
質疑,しつぎ,1,{}
後追,あとおい,1,{}
先行,せんこう,1,{}
垂木,たるき,1,{}
瓦,かわら,1,{}
雲間,くもま,1,{}
湛,たた,1,{}
雪片,せっぺん,1,{}
薄荷,はっか,1,{}
海岸沿,かいがんぞい,1,{}
防風林,ぼうふうりん,1,{}
賛否,さんぴ,1,{}
激情,げきじょう,1,{}
良性,りょうせい,1,{}
事故後,じこご,1,{}
覚醒,かくせい,1,{}
昏睡,こんすい,1,{}
粥,かゆ,1,{}
汗水,あせみず,1,{}
仕草,しぐさ,1,{}
遺物,いぶつ,1,{}
動力,どうりょく,1,{}
製粉所,せいふんしょ,1,{}
遺稿,いこう,1,{}
歯科治療,しかちりょう,1,{}
頭字,かしらじ,1,{}
麻酔薬,ますいやく,1,{}
修練,しゅうれん,1,{}
踵,かかと,1,{}
波間,なみま,1,{}
舟,ふね,1,{}
騎馬,きば,1,{}
貸付,かしつけ,1,{}
一足,いっそく,1,{}
接着剤,せっちゃくざい,1,{}
泥団,でいだん,1,{}
渓流,けいりゅう,1,{}
乳鉢,にゅうばち,1,{}
金網,かなあみ,1,{}
煉瓦,れんが,1,{}
金槌,かなづち,1,{}
砥石,といし,1,{}
鑿,さく,1,{}
鉋,かんな,1,{}
不活発,ふかっぱつ,1,{}
日没前,にちぼつまえ,1,{}
序文,じょぶん,1,{}
綿布,めんぷ,1,{}
緑青,ろくしょう,1,{}
謎解,なぞと,1,{}
放牧,ほうぼく,1,{}
雅楽,ががく,1,{}
発案,はつあん,1,{}
繁盛,はんじょう,1,{}
改築,かいちく,1,{}
拍車,はくしゃ,1,{}
前衛的,ぜんえいてき,1,{}
噴霧,ふんむ,1,{}
蝉,せみ,1,{}
蜘蛛,くも,1,{}
瀟洒,しょうしゃ,1,{}
下宿,げしゅく,1,{}
蔑,さげす,1,{}
古刹,こさつ,1,{}
本堂,ほんどう,1,{}
参拝,さんぱい,1,{}
麦畑,むぎばたけ,1,{}
苺,いちご,1,{}
受領印,じゅりょういん,1,{}
騒然,そうぜん,1,{}
側廊,そくろう,1,{}
熊手,くまで,1,{}
草刈,くさか,1,{}
馬鍬,まぐわ,1,{}
散布,さんぷ,1,{}
灌水,かんすい,1,{}
料理店,りょうりてん,1,{}
躍進,やくしん,1,{}
没落,ぼつらく,1,{}
守護,しゅご,1,{}
陶磁器,とうじき,1,{}
謝礼,しゃれい,1,{}
回復後,かいふくご,1,{}
歯科医,しかい,1,{}
凹凸,おうとつ,1,{}
焼成,しょうせい,1,{}
先行車,せんこうしゃ,1,{}
真意,しんい,1,{}
資本金,しほんきん,1,{}
妥協案,だきょうあん,1,{}
下積,したづ,1,{}
躍,おど,1,{}
献身的,けんしんてき,1,{}
閉店時,へいてんじ,1,{}
退店,たいてん,1,{}
迫害,はくがい,1,{}
気付,きづ,1,{}
調達,ちょうたつ,1,{}
印税,いんぜい,1,{}
三叉路,さんさろ,1,{}
虚,きょ,1,{}
虚栄心,きょえいしん,1,{}
真昼,まひる,1,{}
一閃,いっせん,1,{}
出汁,でじる,1,{}
民間団体,みんかんだんたい,1,{}
暴行,ぼうこう,1,{}
微,かす,1,{}
本震,ほんしん,1,{}
挑発,ちょうはつ,1,{}
錆,さ,1,{}
松明,たいまつ,1,{}
扇子,せんす,1,{}
低音,ていおん,1,{}
室内楽,しつないがく,1,{}
蜂起,ほうき,1,{}
失脚,しっきゃく,1,{}
賢人,けんじん,1,{}
暴君,ぼうくん,1,{}
威張,いば,1,{}
模擬,もぎ,1,{}
展示会,てんじかい,1,{}
竪琴,たてごと,1,{}
来訪,らいほう,1,{}
来店,らいてん,1,{}
婦人,ふじん,1,{}
貴婦人,きふじん,1,{}
奥様,おくさま,1,{}
音作,おんさく,1,{}
古臭,ふるくさ,1,{}
政,まつりごと,1,{}
暴政,ぼうせい,1,{}
鋼材,こうざい,1,{}
閉鎖中,へいさちゅう,1,{}
部外者,ぶがいしゃ,1,{}
墜落,ついらく,1,{}
略歴,りゃくれき,1,{}
饗宴,きょうえん,1,{}
決闘,けっとう,1,{}
歓談,かんだん,1,{}
貧民,ひんみん,1,{}
材質,ざいしつ,1,{}
卓,すぐる,1,{}
春風,はるかぜ,1,{}
氷雪,ひょうせつ,1,{}
寝顔,ねがお,1,{}
煽,あお,1,{}
古木,こぼく,1,{}
住処,すみか,1,{}
感電,かんでん,1,{}
貶,さげす,1,{}
気品,きひん,1,{}
政界,せいかい,1,{}
芸能界,げいのうかい,1,{}
桔梗,ききょう,1,{}
著作,ちょさく,1,{}
思想家,しそうか,1,{}
流域,りゅういき,1,{}
儚,はかな,1,"{""ぼう"": 1}"
強大,きょうだい,1,{}
格上,かくあ,1,{}
極,きわ,1,{}
中低,ちゅうてい,1,{}
根源的,こんげんてき,1,{}
細密,さいみつ,1,{}
実力派,じつりょくは,1,{}
公開日,こうかいび,1,{}
配役,はいやく,1,{}
再提出,さいていしゅつ,1,{}
悪役,あくやく,1,{}
聖人,せいじん,1,{}
不平等,ふびょうどう,1,{}
大書,たいしょ,1,{}
熱戦,ねっせん,1,{}
創造性,そうぞうせい,1,{}
築城,ちくじょう,1,{}
緩斜面,かんしゃめん,1,{}
城門,じょうもん,1,{}
接触,せっしょく,1,{}
退散,たいさん,1,{}
楽観,らくかん,1,{}
創設者,そうせつしゃ,1,{}
換算,かんさん,1,{}
公理,こうり,1,{}
逆説,ぎゃくせつ,1,{}
特性,とくせい,1,{}
規範,きはん,1,{}
雑記,ざっき,1,{}
補導,ほどう,1,{}
鍛冶,かじ,1,{}
名手,めいしゅ,1,{}
武具,ぶぐ,1,{}
魔導士,まどうし,1,{}
乳房,ちぶさ,1,{}
姉弟,きょうだい,1,{}
蔓,つる,1,{}
梅酒,うめしゅ,1,{}
貯蔵室,ちょぞうしつ,1,{}
作業着,さぎょうぎ,1,{}
石膏,せっこう,1,{}
編纂者,へんさんしゃ,1,{}
選挙管理委員,せんきょかんりいいん,1,{}
検診,けんしん,1,{}
過敏,かびん,1,{}
怒号,どごう,1,{}
一元化,いちげんか,1,{}
新型車,しんがたしゃ,1,{}
上部,じょうぶ,1,{}
下部,かぶ,1,{}
陪審,ばいしん,1,{}
受賞者,じゅしょうしゃ,1,{}
韻文,いんぶん,1,{}
突撃,とつげき,1,{}
夫妻,ふさい,1,{}
家庭菜園,かていさいえん,1,{}
種子,しゅし,1,{}
幼稚,ようち,1,{}
賛同者,さんどうしゃ,1,{}
寝入,ねい,1,{}
登場人物名,とうじょうじんぶつめい,1,{}
武勇伝,ぶゆうでん,1,{}
皺,しわ,1,{}
滴,しずく,1,"{""したた"": 1}"
臭気,しゅうき,1,{}
溶剤,ようざい,1,{}
歩調,ほちょう,1,{}
巣立,すだ,1,{}
親鳥,おやどり,1,{}
研鑽,けんさん,1,{}
一場面,いちばめん,1,{}
冥界,めいかい,1,{}
休息所,きゅうそくじょ,1,{}
流行語,りゅうこうご,1,{}
棘,なつめ,1,{}
亀裂,きれつ,1,{}
樹医,じゅい,1,{}
緊急時,きんきゅうじ,1,{}
怒鳴,どな,1,{}
禁欲,きんよく,1,{}
中毒者,ちゅうどくしゃ,1,{}
捜索隊,そうさくたい,1,{}
麻痺,まひ,1,{}
数十年,すうじゅうねん,1,{}
勢力,せいりょく,1,{}
台頭,たいとう,1,{}
三社,さんしゃ,1,{}
新記録,しんきろく,1,{}
反証,はんしょう,1,{}
不条理,ふじょうり,1,{}
募,つの,1,{}
大学病院,だいがくびょういん,1,{}
上演,じょうえん,1,{}
所持,しょじ,1,{}
釣具,つりぐ,1,{}
火器,かき,1,{}
平手,ひらて,1,{}
学術誌,がくじゅつし,1,{}
模写,もしゃ,1,{}
独創,どくそう,1,{}
従軍記者,じゅうぐんきしゃ,1,{}
高名,こうめい,1,{}
樹形,じゅけい,1,{}
初回,しょかい,1,{}
完成版,かんせいばん,1,{}
楽員,がくいん,1,{}
巨匠,きょしょう,1,{}
鞘,さや,1,{}
刃元,はもと,1,{}
荘厳,そうごん,1,{}
失策,しっさく,1,{}
四行,よんぎょう,1,{}
順延,じゅんえん,1,{}
老紳士,ろうしんし,1,{}
召集,しょうしゅう,1,{}
箱型,はこがた,1,{}
主原料,しゅげんりょう,1,{}
卑,いや,1,"{""ひ"": 1}"
敬遠,けいえん,1,{}
特製,とくせい,1,{}
野菜炒,やさいいた,1,{}
蝋,ろう,1,{}
商標,しょうひょう,1,{}
重油,じゅうゆ,1,{}
手荒,てあら,1,{}
画面上,がめんじょう,1,{}
葉先,はさき,1,{}
観劇,かんげき,1,{}
請求額,せいきゅうがく,1,{}
衝動,しょうどう,1,{}
訴訟,そしょう,1,{}
自家製,じかせい,1,{}
煮魚,にざかな,1,{}
業界全体,ぎょうかいぜんたい,1,{}
活性化,かっせいか,1,{}
部族,ぶぞく,1,{}
個人宛,こじんあて,1,{}
発送業務,はっそうぎょうむ,1,{}
接合,せつごう,1,{}
年以上,ねんいじょう,1,{}
境遇,きょうぐう,1,{}
恩恵,おんけい,1,{}
復讐心,ふくしゅうしん,1,{}
信徒,しんと,1,{}
羊飼,ひつじか,1,{}
二階,にかい,1,{}
高峰,こうほう,1,{}
滑空,かっくう,1,{}
機転,きてん,1,{}
凸凹,でこぼこ,1,{}
漁,あさ,1,{}
農,のう,1,{}
勉強家,べんきょうか,1,{}
古来,こらい,1,{}
船団,せんだん,1,{}
監禁,かんきん,1,{}
屈折,くっせつ,1,{}
放射,ほうしゃ,1,{}
十四,じゅうよん,1,{}
多大,ただい,1,{}
短歌,たんか,1,{}
古地,こち,1,{}
財宝,ざいほう,1,{}
相続人,そうぞくにん,1,{}
地所,じしょ,1,{}
電子工学,でんしこうがく,1,{}
封建,ほうけん,1,{}
領,りょう,1,{}
民会,みんかい,1,{}
門出,かどで,1,{}
局所,きょくしょ,1,{}
黙秘,もくひ,1,{}
属州,ぞくしゅう,1,{}
断線,だんせん,1,{}
操船,そうせん,1,{}
林道,りんどう,1,{}
研究成果,けんきゅうせいか,1,{}
追従,ついじゅう,1,{}
夏期,かき,1,{}
校閲者,こうえつしゃ,1,{}
執筆者,しっぴつしゃ,1,{}
原因不明,げんいんふめい,1,{}
政体,せいたい,1,{}
保持者,ほじしゃ,1,{}
悪臭,あくしゅう,1,{}
二十代,にじゅうだい,1,{}
販売数,はんばいすう,1,{}
急務,きゅうむ,1,{}
親方,おやかた,1,{}
捌,さば,1,{}
皮目,かわめ,1,{}
報道姿勢,ほうどうしせい,1,{}
銀河,ぎんが,1,{}
寡黙,かもく,1,{}
掬,すく,1,{}
丸暗記,まるあんき,1,{}
手振,てぶ,1,{}
示唆,しさ,1,{}
列挙,れっきょ,1,{}
移動性,いどうせい,1,{}
暗黒,あんこく,1,{}
異国情緒,いこくじょうちょ,1,{}
国産,こくさん,1,{}
無味,むみ,1,{}
侵入者,しんにゅうしゃ,1,{}
守衛,しゅえい,1,{}
若葉,わかば,1,{}
緋色,ひいろ,1,{}
杭,くい,1,{}
劣化,れっか,1,{}
最新技術,さいしんぎじゅつ,1,{}
学際的,がくさいてき,1,{}
皆既日食,かいきにっしょく,1,{}
史上,しじょう,1,{}
天文現象,てんもんげんしょう,1,{}
黒点,こくてん,1,{}
芳香,ほうこう,1,{}
特番,とくばん,1,{}
敏捷,びんしょう,1,{}
持久力,じきゅうりょく,1,{}
瞬発力,しゅんぱつりょく,1,{}
自炊,じすい,1,{}
外洋,がいよう,1,{}
出航,しゅっこう,1,{}
精製,せいせい,1,{}
手引,てび,1,{}
研究方針,けんきゅうほうしん,1,{}
機能性,きのうせい,1,{}
士官,しかん,1,{}
入隊,にゅうたい,1,{}
艦船,かんせん,1,{}
普遍的,ふへんてき,1,{}
港湾,こうわん,1,{}
猛進,もうしん,1,{}
断定,だんてい,1,{}
外因,がいいん,1,{}
通行料,つうこうりょう,1,{}
賠償金,ばいしょうきん,1,{}
孤独感,こどくかん,1,{}
破裂音,はれつおん,1,{}
銃声,じゅうせい,1,{}
音楽性,おんがくせい,1,{}
透水,とうすい,1,{}
通気性,つうきせい,1,{}
機影,きえい,1,{}
空域,くういき,1,{}
圧政,あっせい,1,{}
反逆者,はんぎゃくしゃ,1,{}
同調者,どうちょうしゃ,1,{}
表沙汰,おもてざた,1,{}
不名誉,ふめいよ,1,{}
褒章,ほうしょう,1,{}
当主,とうしゅ,1,{}
使用人,しようにん,1,{}
研究施設,けんきゅうしせつ,1,{}
即,そく,1,{}
改革案,かいかくあん,1,{}
出力,しゅつりょく,1,{}
依頼者,いらいしゃ,1,{}
風俗,ふうぞく,1,{}
活火山,かっかざん,1,{}
混合,こんごう,1,{}
噴火口,ふんかこう,1,{}
技術職,ぎじゅつしょく,1,{}
授乳,じゅにゅう,1,{}
打撃技,だげきわざ,1,{}
月額,げつがく,1,{}
固定費,こていひ,1,{}
教育課程,きょういくかてい,1,{}
陣,じん,1,{}
誇示,こじ,1,{}
所要,しょよう,1,{}
寒風,かんぷう,1,{}
雨傘,あまがさ,1,{}
他校,たこう,1,{}
見本市,みほんいち,1,{}
隠喩,いんゆ,1,{}
蝕,しょく,1,{}
不道徳,ふどうとく,1,{}
場内,じょうない,1,{}
消費者団体,しょうひしゃだんたい,1,{}
不詳,ふしょう,1,{}
確証,かくしょう,1,{}
種明,たねあき,1,{}
夜釣,よづ,1,{}
蛍火,ほたるび,1,{}
連凧,れんだこ,1,{}
交錯,こうさく,1,{}
選出,せんしゅつ,1,{}
一新,いっしん,1,{}
湯治,とうじ,1,{}
最終発表,さいしゅうはっぴょう,1,{}
丁重,ていちょう,1,{}
不機嫌,ふきげん,1,{}
熟知,じゅくち,1,{}
厩舎,きゅうしゃ,1,{}
騎手,きしゅ,1,{}
伝聞,でんぶん,1,{}
推進,すいしん,1,{}
糾弾,きゅうだん,1,{}
釈明,しゃくめい,1,{}
選手同士,せんしゅどうし,1,{}
大輪,たいりん,1,{}
臆,おく,1,{}
生意気,なまいき,1,{}
提案書,ていあんしょ,1,{}
重症,じゅうしょう,1,{}
塞,ふさ,1,{}
審議,しんぎ,1,{}
一枚岩,いちまいいわ,1,{}
不和,ふわ,1,{}
養育,よういく,1,{}
一件,いっけん,1,{}
次号,じごう,1,{}
爆発的,ばくはつてき,1,{}
決算書,けっさんしょ,1,{}
売上高,うりあげだか,1,{}
純利益,じゅんりえき,1,{}
総計,そうけい,1,{}
受給,じゅきゅう,1,{}
年金,ねんきん,1,{}
顧客名,こきゃくめい,1,{}
簿,ぼ,1,{}
案件,あんけん,1,{}
文化背景,ぶんかはいけい,1,{}
独善的,どくぜんてき,1,{}
決心,けっしん,1,{}
靴箱,くつばこ,1,{}
句,く,1,{}
覚書,おぼえがき,1,{}
貸与,たいよ,1,{}
賃貸借,ちんたいしゃく,1,{}
売買契約,ばいばいけいやく,1,{}
保険契約,ほけんけいやく,1,{}
相乗,あいの,1,{}
公共交通,こうきょうこうつう,1,{}
寝藁,ねわら,1,{}
根底,こんてい,1,{}
疫病,えきびょう,1,{}
人手不足,ひとでぶそく,1,{}
尖,とが,1,{}
低迷,ていめい,1,{}
手違,てちが,1,{}
離乳,りにゅう,1,{}
脱皮,だっぴ,1,{}
孵化,ふか,1,{}
難関,なんかん,1,{}
塾長,じゅくちょう,1,{}
級友,きゅうゆう,1,{}
国際情勢,こくさいじょうせい,1,{}
高騰,こうとう,1,{}
奔走,ほんそう,1,{}
最高裁,さいこうさい,1,{}
下級,かきゅう,1,{}
審,しん,1,{}
原告,げんこく,1,{}
裁量,さいりょう,1,{}
国全体,くにぜんたい,1,{}
不眠,ふみん,1,{}
便秘,べんぴ,1,{}
改札機,かいさつき,1,{}
手押,ておし,1,{}
保証人,ほしょうにん,1,{}
一笑,いっしょう,1,{}
夜行列車,やこうれっしゃ,1,{}
国政,こくせい,1,{}
長老,ちょうろう,1,{}
上院,じょういん,1,{}
是正,ぜせい,1,{}
性差別,せいさべつ,1,{}
廃屋,はいおく,1,{}
復職,ふくしょく,1,{}
在処,ありか,1,{}
給餌,きゅうじ,1,{}
運動量,うんどうりょう,1,{}
番人,ばんにん,1,{}
選定,せんてい,1,{}
置換,ちかん,1,{}
愛飲,あいいん,1,{}
被害額,ひがいがく,1,{}
賠償,ばいしょう,1,{}
律儀,りちぎ,1,{}
観葉植物,かんようしょくぶつ,1,{}
下宿屋,げしゅくや,1,{}
入居者,にゅうきょしゃ,1,{}
往時,おうじ,1,{}
別添,べってん,1,{}
再加熱,さいかねつ,1,{}
除雪,じょせつ,1,{}
居住者,きょじゅうしゃ,1,{}
清々,すがすが,1,{}
記録的,きろくてき,1,{}
深刻化,しんこくか,1,{}
身柄,みがら,1,{}
寒冷地仕様,かんれいちしよう,1,{}
教団,きょうだん,1,{}
二社,にしゃ,1,{}
同業,どうぎょう,1,{}
再起,さいき,1,{}
湿潤,しつじゅん,1,{}
不毛,ふもう,1,{}
社運,しゃうん,1,{}
商談,しょうだん,1,{}
仲間内,なかまうち,1,{}
老婆,ろうば,1,{}
本性,ほんしょう,1,{}
舞台美術,ぶたいびじゅつ,1,{}
同窓,どうそう,1,{}
九十歳,きゅうじゅうさい,1,{}
早世,そうせい,1,{}
看取,かんしゅ,1,{}
長生,ながい,1,{}
内閣,ないかく,1,{}
老人会,ろうじんかい,1,{}
婚約者,こんやくしゃ,1,{}
未亡人,みぼうじん,1,{}
家系,かけい,1,{}
貿易商,ぼうえきしょう,1,{}
古生物,こせいぶつ,1,{}
交通事情,こうつうじじょう,1,{}
誇大,こだい,1,{}
欠席者,けっせきしゃ,1,{}
優先事項,ゆうせんじこう,1,{}
受講者,じゅこうしゃ,1,{}
次回,じかい,1,{}
鉱業,こうぎょう,1,{}
直感,ちょっかん,1,{}
読影,どくえい,1,{}
心電図,しんでんず,1,{}
超音波,ちょうおんぱ,1,{}
血液検査,けつえきけんさ,1,{}
人道的,じんどうてき,1,{}
醸造所,じょうぞうしょ,1,{}
瞬間的,しゅんかんてき,1,{}
名作,めいさく,1,{}
猛烈,もうれつ,1,{}
倍率,ばいりつ,1,{}
情報網,じょうほうもう,1,{}
高山,こうざん,1,{}
新監督,しんかんとく,1,{}
砲撃,ほうげき,1,{}
集中砲火,しゅうちゅうほうか,1,{}
研究会,けんきゅうかい,1,{}
教育者,きょういくしゃ,1,{}
出版者,しゅっぱんしゃ,1,{}
例外処理,れいがいしょり,1,{}
営業職,えいぎょうしょく,1,{}
相手側,あいてがわ,1,{}
私立大学,しりつだいがく,1,{}
保証金,ほしょうきん,1,{}
祝儀,しゅうぎ,1,{}
野党,やとう,1,{}
開発競争,かいはつきょうそう,1,{}
軍服,ぐんぷく,1,{}
七十歳,ななじゅうさい,1,{}
老成,ろうせい,1,{}
下敷,したじ,1,{}
練習前,れんしゅうまえ,1,{}
返還,へんかん,1,{}
私財,しざい,1,{}
倹約家,けんやくか,1,{}
狩猟,しゅりょう,1,{}
中型犬,ちゅうがたけん,1,{}
遵守,じゅんしゅ,1,{}
内面的,ないめんてき,1,{}
外見的,がいけんてき,1,{}
横風,よこかぜ,1,{}
先頭集団,せんとうしゅうだん,1,{}
失速,しっそく,1,{}
宣戦布告,せんせんふこく,1,{}
年齢別,ねんれいべつ,1,{}
売国奴,ばいこくど,1,{}
愛国,あいこく,1,{}
混血,こんけつ,1,{}
雑種,ざっしゅ,1,{}
不定期,ふていき,1,{}
首都高,しゅとこう,1,{}
血脈,けつみゃく,1,{}
逆転勝利,ぎゃくてんしょうり,1,{}
補足説明,ほそくせつめい,1,{}
税率,ぜいりつ,1,{}
括弧,かっこ,1,{}
誤認,ごにん,1,{}
仮設,かせつ,1,{}
試作品,しさくひん,1,{}
翌,よく,1,{}
電動車,でんどうしゃ,1,{}
超小型,ちょうこがた,1,{}
化学反応,かがくはんのう,1,{}
省力化,しょうりょくか,1,{}
生育,せいいく,1,{}
間引,まびき,1,{}
困窮,こんきゅう,1,{}
日曜大工,にちようだいく,1,{}
作業台,さぎょうだい,1,{}
税務署,ぜいむしょ,1,{}
一糸,いっし,1,{}
患部,かんぶ,1,{}
産出量,さんしゅつりょう,1,{}
櫛,くし,1,{}
凛,りん,1,{}
捕食,ほしょく,1,{}
根気,こんき,1,{}
虐待,ぎゃくたい,1,{}
不正行為,ふせいこうい,1,{}
平時,へいじ,1,{}
救援活動,きゅうえんかつどう,1,{}
分隊,ぶんたい,1,{}
石壁,いしかべ,1,{}
何世紀,なんせいき,1,{}
新店,しんみせ,1,{}
諸説,しょせつ,1,{}
一段下,いちだんした,1,{}
周到,しゅうとう,1,{}
図版,ずはん,1,{}
小冊子,しょうさっし,1,{}
社,しゃ,1,{}
提案力,ていあんりょく,1,{}
越冬,えっとう,1,{}
恒久的,こうきゅうてき,1,{}
獅子,しし,1,{}
菜,な,1,{}
藤,ふじ,1,{}
実装,じっそう,1,{}
峠,とうげ,1,{}
随想,ずいそう,1,{}
随筆家,ずいひつか,1,{}
隊形,たいけい,1,{}
盲目的,もうもくてき,1,{}
新規開店,しんきかいてん,1,{}
何代,なんだい,1,{}
文化財,ぶんかざい,1,{}
大邸宅,だいていたく,1,{}
静電気,せいでんき,1,{}
防菌,ぼうきん,1,{}
連合,れんごう,1,{}
競売,きょうばい,1,{}
価値観,かちかん,1,{}
浸透,しんとう,1,{}
初心,しょしん,1,{}
線香,せんこう,1,{}
判然,はんぜん,1,{}
乾麺,かんめん,1,{}
沸騰,ふっとう,1,{}
尿,にょう,1,{}
唾液,だえき,1,{}
児童書,じどうしょ,1,{}
序盤,じょばん,1,{}
年中,ねんじゅう,1,{}
肺炎,はいえん,1,{}
胃炎,いえん,1,{}
腎炎,じんえん,1,{}
中耳炎,ちゅうじえん,1,{}
副葬,ふくそう,1,{}
死生,しせい,1,{}
埋葬,まいそう,1,{}
地方局,ちほうきょく,1,{}
番組編成,ばんぐみへんせい,1,{}
輸送計画,ゆそうけいかく,1,{}
国際標準,こくさいひょうじゅん,1,{}
大樽,おおだる,1,{}
長者,ちょうじゃ,1,{}
両選手,りょうせんしゅ,1,{}
解法,かいほう,1,{}
蔵元,くらもと,1,{}
検査結果,けんさけっか,1,{}
発売後,はつばいご,1,{}
完売,かんばい,1,{}
話題作,わだいさく,1,{}
再版,さいはん,1,{}
報復,ほうふく,1,{}
復讐,ふくしゅう,1,{}
私利,しり,1,{}
公益,こうえき,1,{}
次作,じさく,1,{}
中位,ちゅうい,1,{}
天才的,てんさいてき,1,{}
無私,むし,1,{}
公務,こうむ,1,{}
出資者,しゅっししゃ,1,{}
海産,かいさん,1,{}
有事,ゆうじ,1,{}
高校時代,こうこうじだい,1,{}
中退,ちゅうたい,1,{}
調整役,ちょうせいやく,1,{}
初犯,しょはん,1,{}
人文,じんぶん,1,{}
続々,ぞくぞく,1,{}
監督員,かんとくいん,1,{}
高山植物,こうざんしょくぶつ,1,{}
動物学,どうぶつがく,1,{}
植物学,しょくぶつがく,1,{}
辱,じょく,1,{}
終着駅,しゅうちゃくえき,1,{}
舌鼓,したづつみ,1,{}
債務,さいむ,1,{}
機械室,きかいしつ,1,{}
操作員,そうさいん,1,{}
長距離便,ちょうきょりびん,1,{}
乗員,じょういん,1,{}
過食,かしょく,1,{}
症,しょう,1,{}
拒食症,きょしょくしょう,1,{}
高血圧,こうけつあつ,1,{}
糖尿病,とうにょうびょう,1,{}
月面,げつめん,1,{}
依存性,いぞんせい,1,{}
賭博,とばく,1,{}
熱伝導,ねつでんどう,1,{}
米式,べいしき,1,{}
英式,えいしき,1,{}
継母,ままはは,1,{}
香油,こうゆ,1,{}
軟膏,なんこう,1,{}
周辺住民,しゅうへんじゅうみん,1,{}
不振,ふしん,1,{}
事業部,じぎょうぶ,1,{}
専門外,せんもんがい,1,{}
反意,はんい,1,{}
同義語,どうぎご,1,{}
三度,さんど,1,{}
家宝,かほう,1,{}
一族,いちぞく,1,{}
無造作,むぞうさ,1,{}
鳥観,ちょうかん,1,{}
興亡,こうぼう,1,{}
花崗岩,かこうがん,1,{}
砂岩,さがん,1,{}
玄武,げんぶ,1,{}
靴擦,くつず,1,{}
退役,たいえき,1,{}
戦史,せんし,1,{}
軍艦,ぐんかん,1,{}
交通規制,こうつうきせい,1,{}
当面,とうめん,1,{}
曲調,きょくちょう,1,{}
数小節,すうしょうせつ,1,{}
場違,ばちが,1,{}
見届,みとど,1,{}
讃辞,さんじ,1,{}
高感度,こうかんど,1,{}
兜,かぶと,1,{}
各段落,かくだんらく,1,{}
歯型,はがた,1,{}
色付,いろづけ,1,{}
親密,しんみつ,1,{}
社内報,しゃないほう,1,{}
一端,いったん,1,{}
長期連載,ちょうきれんさい,1,{}
一身,いっしん,1,{}
大股,おおまた,1,{}
条文,じょうぶん,1,{}
授賞式,じゅしょうしき,1,{}
沢水,さわみず,1,{}
煮沸,しゃふつ,1,{}
水源,すいげん,1,{}
畏,おそ,1,{}
滲,にじ,1,{}
弁舌,べんぜつ,1,{}
欺瞞,ぎまん,1,{}
出張者,しゅっちょうしゃ,1,{}
短期滞在,たんきたいざい,1,{}
立会,たちあい,1,{}
小球,しょうきゅう,1,{}
投票方式,とうひょうほうしき,1,{}
観察学習,かんさつがくしゅう,1,{}
猫背,ねこぜ,1,{}
横臥,おうが,1,{}
筆致,ひっち,1,{}
小回,こまわ,1,{}
燃焼,ねんしょう,1,{}
刺激臭,しげきしゅう,1,{}
水銀,すいぎん,1,{}
税収,ぜいしゅう,1,{}
公的資金,こうてきしきん,1,{}
使途,しと,1,{}
岩壁,がんぺき,1,{}
家電製品,かでんせいひん,1,{}
手工芸,しゅこうげい,1,{}
地盤,じばん,1,{}
恩義,おんぎ,1,{}
軽症,けいしょう,1,{}
治癒,ちゆ,1,{}
不能,ふのう,1,{}
輸送機,ゆそうき,1,{}
偵察機,ていさつき,1,{}
新生活,しんせいかつ,1,{}
肉体労働,にくたいろうどう,1,{}
事務書類,じむしょるい,1,{}
言語学者,げんごがくしゃ,1,{}
少年時代,しょうねんじだい,1,{}
出店,でみせ,1,{}
充,み,1,{}
収集家,しゅうしゅうか,1,{}
横道,よこみち,1,{}
迷走,めいそう,1,{}
領主,りょうしゅ,1,{}
責務,せきむ,1,{}
領民,りょうみん,1,{}
退院日,たいいんび,1,{}
論者,ろんしゃ,1,{}
水際,みずぎわ,1,{}
運営方針,うんえいほうしん,1,{}
穏健派,おんけんは,1,{}
急進派,きゅうしんは,1,{}
反体制派,はんたいせいは,1,{}
糖質,とうしつ,1,{}
儲,もう,1,{}
市街地,しがいち,1,{}
堂,どう,1,{}
聖歌,せいか,1,{}
動転,どうてん,1,{}
発光,はっこう,1,{}
出発点,しゅっぱつてん,1,{}
所持品,しょじひん,1,{}
感情論,かんじょうろん,1,{}
数量化,すうりょうか,1,{}
潮流,ちょうりゅう,1,{}
水先,みずさき,1,{}
三角州,さんかくす,1,{}
家風,かふう,1,{}
自由人,じゆうじん,1,{}
排他的,はいたてき,1,{}
字面,じづら,1,{}
形象,けいしょう,1,{}
逐語的,ちくごてき,1,{}
機構,きこう,1,{}
応用研究,おうようけんきゅう,1,{}
社会的責任,しゃかいてきせきにん,1,{}
本好,ほんず,1,{}
嘆願,たんがん,1,{}
仕様変更,しようへんこう,1,{}
冒険的,ぼうけんてき,1,{}
公共事業,こうきょうじぎょう,1,{}
嘲,あざけ,1,{}
両党,りょうとう,1,{}
十代,じゅうだい,1,{}
拙,つたな,1,{}
一案,いちあん,1,{}
憤,いきどお,1,{}
懇切,こんせつ,1,{}
幼児期,ようじき,1,{}
故事,こじ,1,{}
画板,がばん,1,{}
都会的,とかいてき,1,{}
牧歌的,ぼっかてき,1,{}
工業的,こうぎょうてき,1,{}
世話役,せわやく,1,{}
旅行先,りょこうさき,1,{}
電解質,でんかいしつ,1,{}
質草,しちぐさ,1,{}
敷金,しききん,1,{}
礼金,れいきん,1,{}
管理費,かんりひ,1,{}
解析時,かいせきじ,1,{}
誤算,ごさん,1,{}
電力需要,でんりょくじゅよう,1,{}
自発的,じはつてき,1,{}
時間内,じかんない,1,{}
宿主,やどぬし,1,{}
湾内,わんない,1,{}
混在,こんざい,1,{}
造船所,ぞうせんじょ,1,{}
停泊地,ていはくち,1,{}
客員,きゃくいん,1,{}
団員,だんいん,1,{}
美術品,びじゅつひん,1,{}
多面的,ためんてき,1,{}
近代美術,きんだいびじゅつ,1,{}
新風,しんぷう,1,{}
無邪気,むじゃき,1,{}
株主総会,かぶぬしそうかい,1,{}
計器,けいき,1,{}
集約,しゅうやく,1,{}
包摂,ほうせつ,1,{}
難破,なんぱ,1,{}
難破船,なんぱせん,1,{}
実例,じつれい,1,{}
勉学,べんがく,1,{}
帳簿,ちょうぼ,1,{}
順境,じゅんきょう,1,{}
逆境,ぎゃっきょう,1,{}
緊急放送,きんきゅうほうそう,1,{}
縁石,えんせき,1,{}
専門店,せんもんてん,1,{}
相対性,そうたいせい,1,{}
伝令,でんれい,1,{}
重労働,じゅうろうどう,1,{}
原因解明,げんいんかいめい,1,{}
計測器,けいそくき,1,{}
不良,ふりょう,1,{}
百,ひゃく,1,{}
論旨,ろんし,1,{}
帽,ぼう,1,{}
現在地,げんざいち,1,{}
爆撃,ばくげき,1,{}
彫刻刀,ちょうこくとう,1,{}
硬直化,こうちょくか,1,{}
臨場感,りんじょうかん,1,{}
客観視,きゃっかんし,1,{}
眼科医,がんかい,1,{}
網膜,もうまく,1,{}
角膜,かくまく,1,{}
水晶体,すいしょうたい,1,{}
給与,きゅうよ,1,{}
低賃金,ていちんぎん,1,{}
歩合,ぶあい,1,{}
相槌,あいづち,1,{}
名匠,めいしょう,1,{}
流派,りゅうは,1,{}
漠然,ばくぜん,1,{}
世界選手権,せかいせんしゅけん,1,{}
制覇,せいは,1,{}
一点,いってん,1,{}
究極,きゅうきょく,1,{}
緯度,いど,1,{}
経度,けいど,1,{}
小型車,こがたしゃ,1,{}
産業廃棄物,さんぎょうはいきぶつ,1,{}
許可証,きょかしょう,1,{}
内省的,ないせいてき,1,{}
浅薄,せんぱく,1,{}
職歴,しょくれき,1,{}
品格,ひんかく,1,{}
頬紅,ほおべに,1,{}
提唱,ていしょう,1,{}
理論家,りろんか,1,{}
実務家,じつむか,1,{}
発売直後,はつばいちょくご,1,{}
目新,めあたら,1,{}
饒舌,じょうぜつ,1,{}
声高,こわだか,1,{}
船内,せんない,1,{}
船外,せんがい,1,{}
体裁,ていさい,1,{}
主婦,しゅふ,1,{}
養,やしな,1,{}
惜敗,せきはい,1,{}
苦々,にがにが,1,{}
享受,きょうじゅ,1,{}
校外,こうがい,1,{}
低地,ていち,1,{}
島嶼,とうしょ,1,{}
法整備,ほうせいび,1,{}
高揚感,こうようかん,1,{}
疲労困憊,ひろうこんぱい,1,{}
実名,じつめい,1,{}
温泉旅館,おんせんりょかん,1,{}
防音壁,ぼうおんへき,1,{}
抑圧的,よくあつてき,1,{}
宿命,しゅくめい,1,{}
独裁者,どくさいしゃ,1,{}
赴任,ふにん,1,{}
現地語,げんちご,1,{}
免状,めんじょう,1,{}
同国人,どうこくじん,1,{}
我,わ,1,"{""われ"": 1}"
儘,まま,1,{}
法人,ほうじん,1,{}
挨拶状,あいさつじょう,1,{}
一字,いちじ,1,{}
栄冠,えいかん,1,{}
来訪者,らいほうしゃ,1,{}
門番,もんばん,1,{}
応接,おうせつ,1,{}
補助金制度,ほじょきんせいど,1,{}
内角,ないかく,1,{}
楕円,だえん,1,{}
風雨,ふうう,1,{}
塗装済,とそうずみ,1,{}
防水加工,ぼうすいかこう,1,{}
体験者,たいけんしゃ,1,{}
風評,ふうひょう,1,{}
二年次,にねんじ,1,{}
科目,かもく,1,{}
史,し,1,{}
必修,ひっしゅう,1,{}
注記,ちゅうき,1,{}
石化,せきか,1,{}
作図,さくず,1,{}
分度器,ぶんどき,1,{}
五角形,ごかくけい,1,{}
六角形,ろっかっけい,1,{}
非人道的,ひじんどうてき,1,{}
人権意識,じんけんいしき,1,{}
拷問,ごうもん,1,{}
山行,さんこう,1,{}
減退,げんたい,1,{}
増大,ぞうだい,1,{}
明晰,めいせき,1,{}
減衰,げんすい,1,{}
担当範囲,たんとうはんい,1,{}
文書化,ぶんしょか,1,{}
簡素化,かんそか,1,{}
産休,さんきゅう,1,{}
時間外,じかんがい,1,{}
都会人,とかいじん,1,{}
余儀,よぎ,1,{}
視,し,1,{}
再入,さいにゅう,1,{}
面会,めんかい,1,{}
戦時下,せんじか,1,{}
歪曲,わいきょく,1,{}
詳述,しょうじゅつ,1,{}
墓石,はかいし,1,{}
礎石,そせき,1,{}
求人広告,きゅうじんこうこく,1,{}
時評,じひょう,1,{}
死亡記事,しぼうきじ,1,{}
進撃,しんげき,1,{}
気象庁,きしょうちょう,1,{}
発令,はつれい,1,{}
排水路,はいすいろ,1,{}
良心,りょうしん,1,{}
花咲,はなさき,1,{}
未遂,みすい,1,{}
予算削減,よさんさくげん,1,{}
急病,きゅうびょう,1,{}
罠,わな,1,{}
有用,ゆうよう,1,{}
保存性,ほぞんせい,1,{}
注射器,ちゅうしゃき,1,{}
病原体,びょうげんたい,1,{}
訳文,やくぶん,1,{}
優良店,ゆうりょうてん,1,{}
衛生的,えいせいてき,1,{}
自動化,じどうか,1,{}
簿記,ぼき,1,{}
資料集,しりょうしゅう,1,{}
新来,しんらい,1,{}
主筋,しゅうすじ,1,{}
読解,どくかい,1,{}
療養所,りょうようじょ,1,{}
古代神話,こだいしんわ,1,{}
出自,しゅつじ,1,{}
遺志,いし,1,{}
最期,さいご,1,{}
第三,だいさん,1,{}
市制,しせい,1,{}
百周年,ひゃくしゅうねん,1,{}
楽団,がくだん,1,{}
管弦楽,かんげんがく,1,{}
電子音楽,でんしおんがく,1,{}
誠意,せいい,1,{}
時間前,じかんまえ,1,{}
栄養補助食品,えいようほじょしょくひん,1,{}
心理療法,しんりりょうほう,1,{}
因習,いんしゅう,1,{}
家族構成,かぞくこうせい,1,{}
励行,れいこう,1,{}
結膜炎,けつまくえん,1,{}
胃腸,いちょう,1,{}
根本的,こんぽんてき,1,{}
古文書館,こもんじょかん,1,{}
欧州各国,おうしゅうかっこく,1,{}
世間,せけん,1,{}
専門的,せんもんてき,1,{}
時事,じじ,1,{}
実況,じっきょう,1,{}
帆船,はんせん,1,{}
自社,じしゃ,1,{}
明文化,めいぶんか,1,{}
準決勝,じゅんけっしょう,1,{}
真偽,しんぎ,1,{}
各種,かくしゅ,1,{}
波乗,なみのり,1,{}
神経症,しんけいしょう,1,{}
録,ろく,1,{}
教育制度,きょういくせいど,1,{}
座談会,ざだんかい,1,{}
雨量計,うりょうけい,1,{}
町工場,まちこうじょう,1,{}
農作業,のうさぎょう,1,{}
考案,こうあん,1,{}
国際関係,こくさいかんけい,1,{}
経験豊,けいけんゆた,1,{}
音楽会,おんがくかい,1,{}
搭乗員,とうじょういん,1,{}
争点,そうてん,1,{}
変換,へんかん,1,{}
荒廃,こうはい,1,{}
落選,らくせん,1,{}
進行状況,しんこうじょうきょう,1,{}
国庫,こっこ,1,{}
豪雪地帯,ごうせつちたい,1,{}
後年,こうねん,1,{}
強迫,きょうはく,1,{}
体現,たいげん,1,{}
定式化,ていしきか,1,{}
法則,ほうそく,1,{}
斥力,せきりょく,1,{}
磁力,じりょく,1,{}
弾力,だんりょく,1,{}
引力,いんりょく,1,{}
上映時間,じょうえいじかん,1,{}
施術,しじゅつ,1,{}
整体,せいたい,1,{}
強固,きょうこ,1,{}
応援演説,おうえんえんぜつ,1,{}
改装工事,かいそうこうじ,1,{}
規格,きかく,1,{}
屋根材,やねざい,1,{}
壁板,かべいた,1,{}
全焼,ぜんしょう,1,{}
題字,だいじ,1,{}
奥付,おくづけ,1,{}
固定的,こていてき,1,{}
高圧,こうあつ,1,{}
規則違反,きそくいはん,1,{}
管理組合,かんりくみあい,1,{}
防音対策,ぼうおんたいさく,1,{}
付近,ふきん,1,{}
本能,ほんのう,1,{}
現地取材,げんちしゅざい,1,{}
広範,こうはん,1,{}
一家,いっか,1,{}
着地点,ちゃくちてん,1,{}
初登板,はつとうばん,1,{}
自助,じじょ,1,{}
依存症,いぞんしょう,1,{}
節酒,せっしゅ,1,{}
酩酊,めいてい,1,{}
税制,ぜいせい,1,{}
潜望鏡,せんぼうきょう,1,{}
物理実験,ぶつりじっけん,1,{}
基板,きばん,1,{}
女子生徒,じょしせいと,1,{}
検察,けんさつ,1,{}
容疑,ようぎ,1,{}
追及,ついきゅう,1,{}
免訴,めんそ,1,{}
起訴,きそ,1,{}
数種類,すうしゅるい,1,{}
若年,じゃくねん,1,{}
反対派,はんたいは,1,{}
知識人,ちしきじん,1,{}
判,はん,1,{}
所有者,しょゆうしゃ,1,{}
電話帳,でんわちょう,1,{}
伝達,でんたつ,1,{}
自称,じしょう,1,{}
形式主義,けいしきしゅぎ,1,{}
確認作業,かくにんさぎょう,1,{}
壮快,そうかい,1,{}
企業活動,きぎょうかつどう,1,{}
透明性,とうめいせい,1,{}
経済性,けいざいせい,1,{}
大賞,たいしょう,1,{}
保守性,ほしゅせい,1,{}
独創性,どくそうせい,1,{}
一貫性,いっかんせい,1,{}
駄作,ださく,1,{}
傑作,けっさく,1,{}
内密,ないみつ,1,{}
変革,へんかく,1,{}
組織内,そしきない,1,{}
暫定,ざんてい,1,{}
器物,きぶつ,1,{}
銀食器,ぎんしょっき,1,{}
妥当性,だとうせい,1,{}
一部修正,いちぶしゅうせい,1,{}
振替,ふりかえ,1,{}
強行,きょうこう,1,{}
病理,びょうり,1,{}
聴診,ちょうしん,1,{}
機能的,きのうてき,1,{}
統制,とうせい,1,{}
交通整理,こうつうせいり,1,{}
脇道,わきみち,1,{}
涙声,なみだごえ,1,{}
有頂天,うちょうてん,1,{}
談笑,だんしょう,1,{}
流出,りゅうしゅつ,1,{}
性的,せいてき,1,{}
和歌,わか,1,{}
全寮,ぜんりょう,1,{}
寮監,りょうかん,1,{}
格式,かくしき,1,{}
晩餐会,ばんさんかい,1,{}
外套,がいとう,1,{}
肌着,はだぎ,1,{}
救助者,きゅうじょしゃ,1,{}
螺旋,らせん,1,{}
送付,そうふ,1,{}
図示,ずし,1,{}
都度,つど,1,{}
会員証,かいいんしょう,1,{}
思想,しそう,1,{}
言語学,げんごがく,1,{}
未確定,みかくてい,1,{}
指示対象,しじたいしょう,1,{}
手織,ており,1,{}
高画質,こうがしつ,1,{}
復号,ふくごう,1,{}
作業者,さぎょうしゃ,1,{}
件数,けんすう,1,{}
外注,がいちゅう,1,{}
研究費,けんきゅうひ,1,{}
秩序維持,ちつじょいじ,1,{}
参謀,さんぼう,1,{}
名目上,めいもくじょう,1,{}
仮,かり,1,{}
領地,りょうち,1,{}
相手方,あいてかた,1,{}
講演者,こうえんしゃ,1,{}
首都圏,しゅとけん,1,{}
始業時,しぎょうじ,1,{}
防犯灯,ぼうはんとう,1,{}
襲撃,しゅうげき,1,{}
防衛,ぼうえい,1,{}
記入例,きにゅうれい,1,{}
踏襲,とうしゅう,1,{}
巡視,じゅんし,1,{}
渦中,かちゅう,1,{}
行方,なめがた,1,{}
公開前,こうかいまえ,1,{}
興行,こうぎょう,1,{}
快挙,かいきょ,1,{}
志願者,しがんしゃ,1,{}
威信,いしん,1,{}
出動,しゅつどう,1,{}
思春期,ししゅんき,1,{}
異例,いれい,1,{}
不賛成,ふさんせい,1,{}
表彰台,ひょうしょうだい,1,{}
社会参加,しゃかいさんか,1,{}
連立,れんりつ,1,{}
発行部数,はっこうぶすう,1,{}
目的語,もくてきご,1,{}
文型,ぶんけい,1,{}
公聴会,こうちょうかい,1,{}
兼,けん,1,{}
事実無根,じじつむこん,1,{}
同業者,どうぎょうしゃ,1,{}
見劣,みおと,1,{}
施策,しさく,1,{}
成功事例,せいこうじれい,1,{}
蚊帳,かや,1,{}
主導,しゅどう,1,{}
荷重,かじゅう,1,{}
交通量,こうつうりょう,1,{}
巻尺,まきじゃく,1,{}
走力,そうりょく,1,{}
同世代,どうせだい,1,{}
新参,しんざん,1,{}
極秘,ごくひ,1,{}
各部署,かくぶしょ,1,{}
順次,じゅんじ,1,{}
私生活,しせいかつ,1,{}
退去,たいきょ,1,{}
外国映画,がいこくえいが,1,{}
文字数,もじすう,1,{}
表題,ひょうだい,1,{}
副題,ふくだい,1,{}
急勾配,きゅうこうばい,1,{}
温存,おんぞん,1,{}
継続性,けいぞくせい,1,{}
北極圏,ほっきょくけん,1,{}
発電効率,はつでんこうりつ,1,{}
可動,かどう,1,{}
鵜呑,うの,1,{}
一次資料,いちじしりょう,1,{}
複合,ふくごう,1,{}
出土,しゅつど,1,{}
先史,せんし,1,{}
跡地,あとち,1,{}
正当化,せいとうか,1,{}
上下水道,じょうげすいどう,1,{}
郷土,きょうど,1,{}
帰路,きろ,1,{}
用量,ようりょう,1,{}
特許,とっきょ,1,{}
開発部,かいはつぶ,1,{}
法務,ほうむ,1,{}
設計段階,せっけいだんかい,1,{}
救出,きゅうしゅつ,1,{}
調停者,ちょうていしゃ,1,{}
執着,しゅうちゃく,1,{}
関連分野,かんれんぶんや,1,{}
扇動,せんどう,1,{}
合評,がっぴょう,1,{}
検査官,けんさかん,1,{}
表具,ひょうぐ,1,{}
発覚,はっかく,1,{}
順守,じゅんしゅ,1,{}
発議,はつぎ,1,{}
起草,きそう,1,{}
音楽編,おんがくへん,1,{}
表計算,ひょうけいさん,1,{}
国道,こくどう,1,{}
寸断,すんだん,1,{}
包囲,ほうい,1,{}
城主,じょうしゅ,1,{}
無益,むえき,1,{}
戦闘,せんとう,1,{}
逃亡,とうぼう,1,{}
商品開発,しょうひんかいはつ,1,{}
板金,ばんきん,1,{}
阻,はば,1,{}
踏破,とうは,1,{}
優柔不断,ゆうじゅうふだん,1,{}
持病,じびょう,1,{}
喫煙可,きつえんか,1,{}
応募作品,おうぼさくひん,1,{}
野球好,やきゅうず,1,{}
継父,ままちち,1,{}
到達点,とうたつてん,1,{}
検知,けんち,1,{}
該当,がいとう,1,{}
発生時,はっせいじ,1,{}
手腕,しゅわん,1,{}
形式美,けいしきび,1,{}
見映,みば,1,{}
二次的,にじてき,1,{}
見覚,みおぼ,1,{}
愛想,あいそう,1,{}
長野,ながの,1,{}
離乳食,りにゅうしょく,1,{}
一報,いっぽう,1,{}
遅滞,ちたい,1,{}
軌道修正,きどうしゅうせい,1,{}
航行,こうこう,1,{}
風物詩,ふうぶつし,1,{}
発症,はっしょう,1,{}
激減,げきげん,1,{}
感冒,かんぼう,1,{}
広帯域,こうたいいき,1,{}
短波放送,たんぱほうそう,1,{}
予約状況,よやくじょうきょう,1,{}
自費出版,じひしゅっぱん,1,{}
忘却,ぼうきゃく,1,{}
整合性,せいごうせい,1,{}
未来人,みらいじん,1,{}
隔離,かくり,1,{}
学習環境,がくしゅうかんきょう,1,{}
全社,ぜんしゃ,1,{}
印刷費,いんさつひ,1,{}
給料日,きゅうりょうび,1,{}
公証人,こうしょうにん,1,{}
各項目,かくこうもく,1,{}
均衡,きんこう,1,{}
動的,どうてき,1,{}
返上,へんじょう,1,{}
状況証拠,じょうきょうしょうこ,1,{}
容疑者,ようぎしゃ,1,{}
不正確,ふせいかく,1,{}
希望者,きぼうしゃ,1,{}
百年,ひゃくねん,1,{}
碑,ひ,1,{}
生誕,せいたん,1,{}
議論全体,ぎろんぜんたい,1,{}
朝焼,あさや,1,{}
見惚,みと,1,{}
可変,かへん,1,{}
不動,ふどう,1,{}
幻覚,げんかく,1,{}
鈍麻,どんま,1,{}
細則,さいそく,1,{}
行政機関,ぎょうせいきかん,1,{}
安全策,あんぜんさく,1,{}
排外,はいがい,1,{}
三十代,さんじゅうだい,1,{}
過疎,かそ,1,{}
適応力,てきおうりょく,1,{}
早変,はやが,1,{}
先方,せんぽう,1,{}
美味,びみ,1,{}
暴風雨,ぼうふうう,1,{}
公平性,こうへいせい,1,{}
下位,かい,1,{}
改善点,かいぜんてん,1,{}
実効性,じっこうせい,1,{}
落下傘,らっかさん,1,{}
水兵,すいへい,1,{}
軍医,ぐんい,1,{}
同情的,どうじょうてき,1,{}
京町,きょうまち,1,{}
利用時間,りようじかん,1,{}
読書家,どくしょか,1,{}
駆動装置,くどうそうち,1,{}
人権侵害,じんけんしんがい,1,{}
調査団,ちょうさだん,1,{}
試合展開,しあいてんかい,1,{}
耐熱,たいねつ,1,{}
他国,たこく,1,{}
内政,ないせい,1,{}
外交関係,がいこうかんけい,1,{}
干渉,かんしょう,1,{}
授業後,じゅぎょうご,1,{}
自主的,じしゅてき,1,{}
抑制,よくせい,1,{}
造成,ぞうせい,1,{}
熱波,ねっぱ,1,{}
灌漑,かんがい,1,{}
海外市場,かいがいしじょう,1,{}
処遇,しょぐう,1,{}
一拍,いっぱく,1,{}
情報提供,じょうほうていきょう,1,{}
終息,しゅうそく,1,{}
地区大会,ちくたいかい,1,{}
天賦,てんぷ,1,{}
才,さい,1,{}
高評価,こうひょうか,1,{}
工法,こうほう,1,{}
軍事的,ぐんじてき,1,{}
海上自衛隊,かいじょうじえいたい,1,{}
洋上,ようじょう,1,{}
風速計,ふうそくけい,1,{}
家政婦,かせいふ,1,{}
蓄積,ちくせき,1,{}
簡便,かんべん,1,{}
非実用的,ひじつようてき,1,{}
一辺倒,いっぺんとう,1,{}
別業,べつぎょう,1,{}
幻滅,げんめつ,1,{}
移動中,いどうちゅう,1,{}
新書,しんしょ,1,{}
三冊,さんさつ,1,{}
休職,きゅうしょく,1,{}
文学的,ぶんがくてき,1,{}
音楽的,おんがくてき,1,{}
学部生,がくぶせい,1,{}
写本,しゃほん,1,{}
同時代,どうじだい,1,{}
用例,ようれい,1,{}
慎重派,しんちょうは,1,{}
必須事項,ひっすじこう,1,{}
進出,しんしゅつ,1,{}
投資額,とうしがく,1,{}
研究内容,けんきゅうないよう,1,{}
裸,はだか,1,{}
具体,ぐたい,1,{}
走行中,そうこうちゅう,1,{}
整備工場,せいびこうじょう,1,{}
後部座席,こうぶざせき,1,{}
長距離路線,ちょうきょりろせん,1,{}
運航,うんこう,1,{}
低減,ていげん,1,{}
安定供給,あんていきょうきゅう,1,{}
通説,つうせつ,1,{}
防振,ぼうしん,1,{}
気流,きりゅう,1,{}
不合理,ふごうり,1,{}
労働力,ろうどうりょく,1,{}
俗,ぞく,1,{}
実利,じつり,1,{}
要請,ようせい,1,{}
逼迫,ひっぱく,1,{}
意気,いき,1,{}
嬉々,きき,1,{}
省電力,しょうでんりょく,1,{}
摂取,せっしゅ,1,{}
宴会場,えんかいじょう,1,{}
朗,ほが,1,{}
従姉妹,いとこ,1,{}
科学番組,かがくばんぐみ,1,{}
最先端,さいせんたん,1,{}
独占,どくせん,1,{}
世界観,せかいかん,1,{}
美化,びか,1,{}
流通,りゅうつう,1,{}
官庁,かんちょう,1,{}
新機種,しんきしゅ,1,{}
麻酔,ますい,1,{}
投薬,とうやく,1,{}
文字入力,もじにゅうりょく,1,{}
夜学,やがく,1,{}
月一,つきいち,1,{}
生産計画,せいさんけいかく,1,{}
試験期間中,しけんきかんちゅう,1,{}
聴講,ちょうこう,1,{}
新教,しんきょう,1,{}
飲料水,いんりょうすい,1,{}
契約上,けいやくじょう,1,{}
週次,しゅうじ,1,{}
好意,こうい,1,{}
組立,くみたて,1,{}
遣,けん,1,{}
省略可能,しょうりゃくかのう,1,{}
本会議,ほんかいぎ,1,{}
全市,ぜんし,1,{}
学校内,がっこうない,1,{}
録画,ろくが,1,{}
圧迫,あっぱく,1,{}
低所,ていしょ,1,{}
連語,れんご,1,{}
屈指,くっし,1,{}
亜大,あだい,1,{}
改装中,かいそうちゅう,1,{}
営業所,えいぎょうしょ,1,{}
超過,ちょうか,1,{}
悪霊,あくりょう,1,{}
悪夢,あくむ,1,{}
名詞句,めいしく,1,{}
限定詞,げんていし,1,{}
現場検証,げんばけんしょう,1,{}
政府機関,せいふきかん,1,{}
専門知識,せんもんちしき,1,{}
懇親会,こんしんかい,1,{}
他大学,ただいがく,1,{}
共同研究,きょうどうけんきゅう,1,{}
筆跡,ひっせき,1,{}
安全基準,あんぜんきじゅん,1,{}
労働時間,ろうどうじかん,1,{}
丸一,まるいち,1,{}
再考,さいこう,1,{}
時間厳守,じかんげんしゅ,1,{}
一般読者,いっぱんどくしゃ,1,{}
対談,たいだん,1,{}
読者層,どくしゃそう,1,{}
影響力,えいきょうりょく,1,{}
実用例,じつようれい,1,{}
相談相手,そうだんあいて,1,{}
援軍,えんぐん,1,{}
新進,しんしん,1,{}
一幕,ひとまく,1,{}
劇作家,げきさっか,1,{}
一時停止,いちじていし,1,{}
速度計,そくどけい,1,{}
自己愛,じこあい,1,{}
生命線,せいめいせん,1,{}
一堂,いちどう,1,{}
双方向,そうほうこう,1,{}
途上国,とじょうこく,1,{}
発生率,はっせいりつ,1,{}
礼法,れいほう,1,{}
一体,いったい,1,{}
鍛錬,たんれん,1,{}
武道,ぶどう,1,{}
陶芸,とうげい,1,{}
武装解除,ぶそうかいじょ,1,{}
正規軍,せいきぐん,1,{}
民間人,みんかんじん,1,{}
新会社,しんがいしゃ,1,{}
研究開発,けんきゅうかいはつ,1,{}
提携,ていけい,1,{}
研究員,けんきゅういん,1,{}
試算,しさん,1,{}
温熱,おんねつ,1,{}
切創,せっそう,1,{}
脱臼,だっきゅう,1,{}
教育改革,きょういくかいかく,1,{}
関税,かんぜい,1,{}
商売,しょうばい,1,{}
本格化,ほんかくか,1,{}
最新版,さいしんばん,1,{}
切替,きりかえ,1,{}
自室,じしつ,1,{}
国情,こくじょう,1,{}
統計学,とうけいがく,1,{}
音楽学,おんがくがく,1,{}
拒,こば,1,{}
延着,えんちゃく,1,{}
近似,きんじ,1,{}
開示,かいじ,1,{}
株主,かぶぬし,1,{}
計算量,けいさんりょう,1,{}
次世代,じせだい,1,{}
計算機,けいさんき,1,{}
環境的,かんきょうてき,1,{}
数々,かずかず,1,{}
調合,ちょうごう,1,{}
名菓,めいか,1,{}
文学作品,ぶんがくさくひん,1,{}
仮定法,かていほう,1,{}
直説,じきせつ,1,{}
配線図,はいせんず,1,{}
喪失,そうしつ,1,{}
大口,おおぐち,1,{}
二転三転,にてんさんてん,1,{}
素子,もとこ,1,{}
通信機,つうしんき,1,{}
過剰在庫,かじょうざいこ,1,{}
利益率,りえきりつ,1,{}
自治会,じちかい,1,{}
義母,ぎぼ,1,{}
制定,せいてい,1,{}
披露目,ひろめ,1,{}
住宅事情,じゅうたくじじょう,1,{}
偶発的,ぐうはつてき,1,{}
意見書,いけんしょ,1,{}
不満足,ふまんぞく,1,{}
協議,きょうぎ,1,{}
庁舎,ちょうしゃ,1,{}
長机,ながづくえ,1,{}
着席,ちゃくせき,1,{}
不定形,ふていけい,1,{}
学術用語,がくじゅつようご,1,{}
注釈,ちゅうしゃく,1,{}
光度,こうど,1,{}
依,よ,1,{}
呼称,こしょう,1,{}
未曾有,みぞう,1,{}
全世代,ぜんせだい,1,{}
大災害,だいさいがい,1,{}
往診,おうしん,1,{}
代弁者,だいべんしゃ,1,{}
懐疑的,かいぎてき,1,{}
漂着,ひょうちゃく,1,{}
紀行文,きこうぶん,1,{}
消化器,しょうかき,1,{}
循環器,じゅんかんき,1,{}
感覚器,かんかくき,1,{}
道路計画,どうろけいかく,1,{}
地元説明会,じもとせつめいかい,1,{}
騒音対策,そうおんたいさく,1,{}
特産品,とくさんひん,1,{}
親会社,おやがいしゃ,1,{}
目先,めさき,1,{}
関係各所,かんけいかくしょ,1,{}
分析装置,ぶんせきそうち,1,{}
品質管理,ひんしつかんり,1,{}
別途,べっと,1,{}
愉快,ゆかい,1,{}
設備投資,せつびとうし,1,{}
当初計画,とうしょけいかく,1,{}
緊急回避,きんきゅうかいひ,1,{}
脱水,だっすい,1,{}
補液,ほえき,1,{}
経口,けいこう,1,{}
外用,がいよう,1,{}
執行,しっこう,1,{}
広報担当,こうほうたんとう,1,{}
適時,てきじ,1,{}
使命,しめい,1,{}
放送局,ほうそうきょく,1,{}
植生,しょくせい,1,{}
化学的,かがくてき,1,{}
冒,おか,1,{}
紛争地域,ふんそうちいき,1,{}
特派員,とくはいん,1,{}
現実性,げんじつせい,1,{}
杜撰,ずさん,1,{}
細分,さいぶん,1,{}
体躯,たいく,1,{}
華奢,きゃしゃ,1,{}
細身,ほそみ,1,{}
追跡調査,ついせきちょうさ,1,{}
統計処理,とうけいしょり,1,{}
摂氏,せっし,1,{}
華氏,かし,1,{}
短絡的,たんらくてき,1,{}
哲学的,てつがくてき,1,{}
水上,すいじょう,1,{}
招聘,しょうへい,1,{}
大使,たいし,1,{}
採決,さいけつ,1,{}
宗教団体,しゅうきょうだんたい,1,{}
流入,りゅうにゅう,1,{}
厄介,やっかい,1,{}
合流,ごうりゅう,1,{}
過大評価,かだいひょうか,1,{}
資金繰,しきんぐ,1,{}
合意書,ごういしょ,1,{}
調印,ちょういん,1,{}
協力的,きょうりょくてき,1,{}
非協力的,ひきょうりょくてき,1,{}
軽犯罪,けいはんざい,1,{}
募金活動,ぼきんかつどう,1,{}
個人内,こじんない,1,{}
計算上,けいさんじょう,1,{}
公人,きみひと,1,{}
再発見,さいはっけん,1,{}
安定的,あんていてき,1,{}
増産,ぞうさん,1,{}
新型機,しんがたき,1,{}
冷却,れいきゃく,1,{}
系統,けいとう,1,{}
外装部品,がいそうぶひん,1,{}
正式発表,せいしきはっぴょう,1,{}
他言無用,たごんむよう,1,{}
正規,せいき,1,{}
認可,にんか,1,{}
統率,とうそつ,1,{}
好奇心旺盛,こうきしんおうせい,1,{}
資金調達,しきんちょうたつ,1,{}
事業計画,じぎょうけいかく,1,{}
就労,しゅうろう,1,{}
盲目,もうもく,1,{}
信号系統,しんごうけいとう,1,{}
自然科学,しぜんかがく,1,{}
最小化,さいしょうか,1,{}
増収,ぞうしゅう,1,{}
調査員,ちょうさいん,1,{}
砲,ほう,1,{}
対艦,たいかん,1,{}
対戦車,たいせんしゃ,1,{}
誇大広告,こだいこうこく,1,{}
業界団体,ぎょうかいだんたい,1,{}
擬人化,ぎじんか,1,{}
数値化,すうちか,1,{}
官僚制,かんりょうせい,1,{}
外出先,がいしゅつさき,1,{}
敷居,しきい,1,{}
誤審,ごしん,1,{}
屈辱的,くつじょくてき,1,{}
書名,しょめい,1,{}
慣例,かんれい,1,{}
全角,ぜんかく,1,{}
非公開,ひこうかい,1,{}
非常用,ひじょうよう,1,{}
使用量,しようりょう,1,{}
持続的,じぞくてき,1,{}
鉱石,こうせき,1,{}
藻類,そうるい,1,{}
全面,ぜんめん,1,{}
教育委員会,きょういくいいんかい,1,{}
話者,わしゃ,1,{}
配列,はいれつ,1,{}
発行年,はっこうねん,1,{}
創立,そうりつ,1,{}
周年,しゅうねん,1,{}
記念式典,きねんしきてん,1,{}
大々的,だいだいてき,1,{}
前年度,ぜんねんど,1,{}
民間療法,みんかんりょうほう,1,{}
表示法,ひょうじほう,1,{}
表示内容,ひょうじないよう,1,{}
至急,しきゅう,1,{}
学術的,がくじゅつてき,1,{}
定例,ていれい,1,{}
駐屯,ちゅうとん,1,{}
会社全体,かいしゃぜんたい,1,{}
接遇,せつぐう,1,{}
閉鎖性,へいさせい,1,{}
排他,はいた,1,{}
機械学習,きかいがくしゅう,1,{}
予算上,よさんじょう,1,{}
意義,いぎ,1,{}
伴走者,ばんそうしゃ,1,{}
戦力,せんりょく,1,{}
内覧,ないらん,1,{}
物的,ぶってき,1,{}
不動産,ふどうさん,1,{}
株式,かぶしき,1,{}
戸外,こがい,1,{}
記者団,きしゃだん,1,{}
加盟国,かめいこく,1,{}
多言語,たげんご,1,{}
女性議員,じょせいぎいん,1,{}
文化的背景,ぶんかてきはいけい,1,{}
領事,りょうじ,1,{}
底上,そこあ,1,{}
近未来,きんみらい,1,{}
産業革命,さんぎょうかくめい,1,{}
経済成長,けいざいせいちょう,1,{}
公害,こうがい,1,{}
不可解,ふかかい,1,{}
監査員,かんさいん,1,{}
実現可能,じつげんかのう,1,{}
突発,とっぱつ,1,{}
協定,きょうてい,1,{}
国外,こくがい,1,{}
作用,さよう,1,{}
鎮痛,ちんつう,1,{}
倍増,ばいぞう,1,{}
排出,はいしゅつ,1,{}
舞台後,ぶたいご,1,{}
叙述,じょじゅつ,1,{}
数値的,すうちてき,1,{}
詩風,しふう,1,{}
民話,みんわ,1,{}
検索時,けんさくじ,1,{}
私塾,しじゅく,1,{}
添削,てんさく,1,{}
後継者,こうけいしゃ,1,{}
一旦,いったん,1,{}
休止,きゅうし,1,{}
環境保全,かんきょうほぜん,1,{}
市政,しせい,1,{}
都市化,としか,1,{}
観光地化,かんこうちか,1,{}
若手棋士,わかてきし,1,{}
観戦者,かんせんしゃ,1,{}
労働環境,ろうどうかんきょう,1,{}
積立,つみたて,1,{}
株式市場,かぶしきしじょう,1,{}
青果,せいか,1,{}
代表作,だいひょうさく,1,{}
品質向上,ひんしつこうじょう,1,{}
典型,てんけい,1,{}
圏,けん,1,{}
商社,しょうしゃ,1,{}
参加国,さんかこく,1,{}
行動計画,こうどうけいかく,1,{}
利権,りけん,1,{}
断片,だんぺん,1,{}
革命的,かくめいてき,1,{}
複数存在,ふくすうそんざい,1,{}
神学,しんがく,1,{}
融合,ゆうごう,1,{}
民俗学,みんぞくがく,1,{}
剽窃,ひょうせつ,1,{}
引用符,いんようふ,1,{}
公共交通機関,こうきょうこうつうきかん,1,{}
波及効果,はきゅうこうか,1,{}
認証,にんしょう,1,{}
利点,りてん,1,{}
今春,こんしゅん,1,{}
抗菌,こうきん,1,{}
増菌,ぞうきん,1,{}
医学部,いがくぶ,1,{}
手技,てわざ,1,{}
立体映像,りったいえいぞう,1,{}
八百長,やおちょう,1,{}
縮小傾向,しゅくしょうけいこう,1,{}
地方自治体,ちほうじちたい,1,{}
誘致,ゆうち,1,{}
様々,さまざま,1,{}
情報通信,じょうほうつうしん,1,{}
品種,ひんしゅ,1,{}
技術革新,ぎじゅつかくしん,1,{}
職業的,しょくぎょうてき,1,{}
公認,こうにん,1,{}
撮影機材,さつえいきざい,1,{}
映像表現,えいぞうひょうげん,1,{}
独立系,どくりつけい,1,{}
中毒,ちゅうどく,1,{}
無臭,むしゅう,1,{}
一酸化炭素,いっさんかたんそ,1,{}
発話,はつわ,1,{}
禁止区域,きんしくいき,1,{}
所信表明,しょしんひょうめい,1,{}
与野党,よやとう,1,{}
口火,くちび,1,{}
副官,ふくかん,1,{}
歩数,ほすう,1,{}
電力消費,でんりょくしょうひ,1,{}
水道使用量,すいどうしようりょう,1,{}
規範的,きはんてき,1,{}
宣伝用,せんでんよう,1,{}
